product_id;name;brand;description;price;sizes;image_url;stock_quantity;category;colors_general
KVP_RUNFALCON_3D;Basket Adidas Unisexe Runfalcon Rouge;Adidas;Découvrez les baskets Adidas Runfalcon, alliant confort et performance pour vos séances de running et votre quotidien.\n\nConçues avec une tige en mesh respirant et des détails en synthétique, elles offrent un maintien optimal et une ventilation excellente.\n\nLa semelle intermédiaire en EVA assure un amorti réactif à chaque foulée, tandis que la semelle extérieure en caoutchouc garantit une adhérence durable sur diverses surfaces. Le design épuré et moderne s'adapte parfaitement à tous vos looks, que ce soit pour le sport ou la ville. Avec leur système de laçage traditionnel et leur construction légère, ces baskets sont le choix idéal pour les coureurs débutants et confirmés recherchant qualité, confort et style au quotidien. Modèle disponible en visualisation 3D interactive.;89.99;"""[\""38\"",\""39\"",\""40\"",\""41\"",\""42\"",\""43\"",\""44\"",\""45\"",\""46\""]""";https://assets.adidas.com/images/h_840,f_auto,q_auto,fl_lossy,c_fill,g_auto/8f4e8b9e8e3b4e0ab2a5ad7f00e8e8e8/runfalcon-shoes.jpg;24;Unisexe;"[""noir"",""blanc"",""gris""]"
KVP001;Baskets Adidas Unisexe Predator Sala Zero Metallic;Adidas;Dcouvrez lñalliance parfaite entre style intemporel et innovation avec ces baskets signes Adidas.\n\nConues pour rpondre aux exigences des amateurs de sport comme des passionns de mode, elles sduisent par leur design moderne et leurs finitions soignes.\n\nLeur dessus en matire synthtique assure lgret et respirabilit, tandis que la doublure textile procure un confort durable tout au long de la journe.\n\nLa semelle extrieure en caoutchouc offre une adhrence optimale sur diffrentes surfaces, idale pour les activits sportives ou un usage quotidien. Grce  la fermeture  lacets et  la languette repliable, ces baskets pousent parfaitement la forme du pied pour un maintien scuris. Le contrefort externe garantit une stabilit accrue lors des mouvements rapides.\n\nLes clbres bandes et le logo emblmatique soulignent lñhritage sportif de la marque.\n\nConvient  tous, ce modle se distingue par son quilibre entre performance, lgance et confort, faisant de ces baskets un choix incontournable pour ceux qui recherchent la qualit et le style au quotidien.;120;"""[\""35\"",\""36\"",\""37\"",\""38\"",\""39\"",\""40\"",\""41\"",\""42\"",\""43\"",\""44\"",\""45\"",\""46\"",\""47\""]""";https://cdn.etrias.nl/media/cache/product_thumb_md/a/d/adidas_unisex_predator_sala_zero_metallic_core_black_gum_7.jpg;163;Unisexe;['rouge', 'noir']
KVP002;Baskets Adidas Enfant Predator Sala Zero Metallic;Adidas;Dcouvrez des baskets qui allient  la perfection performance sportive et style moderne, idales pour les jeunes passionns de football souhaitant se dmarquer aussi bien sur le terrain quñen dehors.\n\nConues avec un dessus en matire synthtique de haute qualit et une doublure textile, elles offrent un confort optimal tout au long de la journe.\n\nLa fermeture  lacets assure un maintien parfait, tandis que la languette repliable orne du clbre logo apporte une touche rtro unique. Grce au contrefort externe au talon, chaque pas bnficie dñun soutien supplmentaire, essentiel pour les activits intenses en salle.\n\nLa semelle extrieure en caoutchouc non marquante garantit une excellente adhrence sans laisser de traces, rpondant ainsi aux exigences des environnements indoor. Ce modle sduit par sa couleur Zero Metallic / Core Black / Cloud White, apportant une note lgante et dynamique  chaque tenue. Issu de la marque Adidas, reconnue mondialement pour son innovation et la qualit de ses produits, ce modle est un choix incontournable pour les enfants  la recherche de performance, de durabilit et de style.\n\nOffrez-leur une exprience unique o chaque mouvement rime avec confiance et distinction.;90;"""[\""16\"",\""17\"",\""18\"",\""19\"",\""20\"",\""21\"",\""22\"",\""23\"",\""24\"",\""25\"",\""26\"",\""27\"",\""28\"",\""29\"",\""30\"",\""31\"",\""32\"",\""33\"",\""34\"",\""35\"",\""36\"",\""37\""]""";https://cdn.etrias.nl/media/cache/product_thumb_md/a/d/adidas_junior_predator_sala_zero_metallic_core_black_cloud_white_8.jpg;208;Enfant;['rouge', 'noir', 'blanc']
KVP003;Baskets Adidas Unisexe Samba LT Legend Earth;Adidas;Dcouvrez lñalliance parfaite entre hritage sportif et modernit avec ces baskets signes par la marque Adidas. Arborant une couleur lgante Ç Legend Earth È rehausse de touches mtalliques argentes et dñune semelle en gomme, ce modle sduit par son esthtique raffine et intemporelle.\n\nLa matire principale, un cuir souple de qualit suprieure, assure une grande durabilit tandis que la doublure synthtique offre un confort optimal tout au long de la journe. Inspire des chaussures de football vintage, la languette repliable et les lignes de couture apportent une touche rtro qui rappelle les classiques du pass, tout en sñintgrant parfaitement  une garde-robe contemporaine.\n\nLa semelle extrieure en caoutchouc garantit une adhrence fiable sur toutes les surfaces, idale pour une utilisation quotidienne. Grce  la fermeture  lacets, chaque utilisateur bnficie dñun ajustement personnalis et scuris. Ces baskets conviennent aussi bien aux hommes quñaux femmes, ce qui en fait un choix polyvalent pour toutes les occasions. Opter pour ce modle, cñest choisir la combinaison parfaite entre style, confort et qualit, fidle  la rputation dñAdidas. Ajoutez une touche dñauthenticit et de performance  votre look avec ce classique revisit, pens pour ceux qui recherchent lñexcellence  chaque pas.;130;"""[\""35\"",\""36\"",\""37\"",\""38\"",\""39\"",\""40\"",\""41\"",\""42\"",\""43\"",\""44\"",\""45\"",\""46\"",\""47\""]""";https://cdn.etrias.nl/media/cache/product_thumb_md/a/d/adidas_unisex_samba_lt_legend_earth_silver_metallic_gum_8.jpg;146;Unisexe;['noir', 'argent']
KVP004;Baskets Adidas Homme Montreal RM Collegiate Green;Adidas;Dcouvrez lñalliance parfaite entre hritage sportif et modernit avec ces baskets signes par la marque Adidas.\n\nConues pour les hommes exigeants, elles se distinguent par leur lgance intemporelle et leur qualit suprieure.\n\nLeur dessus en cuir offre une allure raffine, tandis que la doublure synthtique assure un confort optimal tout au long de la journe.\n\nLa semelle extrieure en caoutchouc garantit une durabilit exceptionnelle et une adhrence fiable sur toutes les surfaces.\n\nLes clbres 3-Stripes sur les cts et le logo Trefoil sur la languette et le talon soulignent le caractre authentique de la marque. Un marquage en feuille dñor ajoute une touche de sophistication discrte. Inspires dñun modle iconique des annes 70, ces baskets incarnent un quilibre idal entre fonctionnalit et style.\n\nLeur fermeture  lacets permet un ajustement prcis, rpondant ainsi aux attentes des amateurs de mode et de confort.\n\nParfaites pour complter une garde-robe masculine, elles sduisent par leur couleur distinctive Collegiate Green / Cloud White / Core Black.\n\nOptez pour une paire qui traverse les tendances et affirmez votre passion pour la mode et la performance avec ce modle incontournable dñAdidas.;110;"""[\""38\"",\""39\"",\""40\"",\""41\"",\""42\"",\""43\"",\""44\"",\""45\"",\""46\"",\""47\""]""";https://cdn.etrias.nl/media/cache/product_thumb_md/a/d/adidas_men_montreal_rm_collegiate_green_cloud_white_core_black_6.jpg;114;Homme;['vert', 'noir', 'blanc']
KVP005;Baskets Adidas Femme Handball Spezial Lucid Blue;Adidas;Dcouvrez lñlgance intemporelle associe au confort moderne avec cette paire de baskets signe par la marque Adidas. Inspire du style rtro des annes 70, cette cration sduit par sa silhouette iconique et ses dtails raffins, dont les fameuses 3-Stripes et le marquage dor sur le ct.\n\nLa matire en cuir vritable assure une allure sophistique et une durabilit optimale, tandis que la doublure textile offre un bien-tre incomparable au quotidien. Sa semelle extrieure en caoutchouc garantit une excellente adhrence et une grande rsistance  lñusure, idale pour accompagner chaque pas avec style.\n\nLa combinaison de couleurs vives Ð bleu, rose et une touche de lime Ð apporte une note dynamique et unique  toutes vos tenues, faisant de ce modle un incontournable pour les amateurs de mode vintage.\n\nConue  lñorigine pour la performance sur le terrain de handball, cette basket sñest impose comme un classique incontournable dans lñunivers du streetwear.\n\nConvenant aux femmes, elle allie parfaitement hritage sportif et tendance contemporaine.\n\nAdoptez un modle emblmatique qui enrichira votre collection et affirmez votre got pour lñauthenticit et la qualit dñAdidas.;110;"""[\""35\"",\""36\"",\""37\"",\""38\"",\""39\"",\""40\"",\""41\"",\""42\""]""";https://cdn.etrias.nl/media/cache/product_thumb_md/a/d/adidas_women_handball_spezial_lucid_blue_lime_burst_lucid_pink_6.jpg;117;Femme;['rose', 'bleu']
KVP006;Baskets Adidas Femme Handball Spezial Lucid Pink;Adidas;Dcouvrez lñalliance parfaite entre hritage sportif et style contemporain avec ces baskets signes Adidas. Issues dñun design iconique des annes 70, revisit avec une touche des annes 90, elles sduisent par leur silhouette rtro et leurs couleurs vibrantes : Lucid Pink, Collegiate Purple et Almost Yellow.\n\nLa matire suprieure en cuir offre une allure premium et assure une durabilit remarquable, tandis que la doublure textile garantit un confort optimal au quotidien.\n\nLa semelle extrieure en caoutchouc procure une adhrence flexible, idale pour accompagner chaque mouvement.\n\nLes fameuses 3-Stripes et le dtail dor sur le ct soulignent le caractre intemporel de ce modle, symbole de la marque lgendaire Adidas. Grce  une fermeture  lacets ajustable, ces baskets sñadaptent parfaitement  la morphologie du pied.\n\nConues pour les femmes qui apprcient la qualit, lñauthenticit et la mode urbaine, elles constituent un choix incontournable pour enrichir toute collection de chaussures.\n\nAdoptez un look casual et sophistiqu, tout en bnficiant du savoir-faire reconnu dñAdidas, leader mondial du sport et du lifestyle.;110;"""[\""35\"",\""36\"",\""37\"",\""38\"",\""39\"",\""40\"",\""41\"",\""42\""]""";https://cdn.etrias.nl/media/cache/product_thumb_md/a/d/adidas_women_handball_spezial_lucid_pink_collegiate_purple_almost_yellow_7.jpg;66;Femme;['rose', 'violet', 'jaune']
KVP007;Baskets Adidas Homme Handball Spezial Focus Olive;Adidas;Dcouvrez lñalliance parfaite entre hritage sportif et style contemporain avec ces baskets signes Adidas. Inspires des modles emblmatiques des annes 70, elles sduisent par leur lgante palette de couleurs Focus Olive, Fox Brown et Gum, offrant une touche sophistique  toutes vos tenues.\n\nLeur dessus en cuir premium assure une allure raffine et une grande durabilit, tandis que la doublure synthtique garantit un confort optimal tout au long de la journe.\n\nLa semelle extrieure en caoutchouc robuste procure une excellente adhrence, que ce soit en ville ou lors de vos activits sportives.\n\nLes clbres 3-Stripes sur le ct et le branding distinctif sur la languette tmoignent de lñauthenticit et du savoir-faire de la marque Adidas. Grce  leur systme de laage prcis, ces baskets sñajustent parfaitement  votre pied pour un maintien sur-mesure.\n\nParfaitement adaptes aux hommes  la recherche dñune basket polyvalente, elles incarnent  la fois lñhistoire, la qualit et le confort.\n\nOptez pour un modle intemporel qui traverse les tendances et affirmez votre style avec une pice incontournable de la collection Adidas.;110;"""[\""38\"",\""39\"",\""40\"",\""41\"",\""42\"",\""43\"",\""44\"",\""45\"",\""46\"",\""47\""]""";https://cdn.etrias.nl/media/cache/product_thumb_md/a/d/adidas_men_handball_spezial_focus_olive_fox_brown_gum_12.jpg;102;Homme;['noir', 'marron']
KVP008;Baskets Adidas Femme Gazelle Indoor Pure Teal;Adidas;Dcouvrez une paire de baskets qui incarne parfaitement lñalliance entre lñlgance rtro et lñinnovation moderne. Avec sa couleur Pure Teal rehausse de touches Off White et Gold Metallic, ce modle sduit par son esthtique audacieuse et raffine.\n\nLa marque Adidas, reconnue mondialement pour son savoir-faire et son souci du dtail, propose ici une chaussure dont le dessus en cuir et en matires synthtiques assure durabilit et style.\n\nLa prsence des emblmatiques 3-Stripes et du logo dor sur le ct souligne lñauthenticit et lñhritage sportif du modle, tandis que la semelle cupsole en caoutchouc garantit une adhrence fiable au quotidien.\n\nLa doublure synthtique et textile offre un confort optimal, mme lors dñune utilisation prolonge. Initialement conue pour lñentranement en intrieur, cette basket est aujourdñhui un incontournable de la mode urbaine, idale pour les femmes  la recherche dñune touche sportive et sophistique.\n\nParfaite pour complter aussi bien une tenue dcontracte quñun look plus travaill, elle sduira celles qui souhaitent affirmer leur style tout en bnficiant de la qualit et du confort lgendaires dñAdidas.\n\nConvient  toutes celles qui veulent conjuguer performance, lgance et modernit dans une seule paire de baskets.;120;"""[\""35\"",\""36\"",\""37\"",\""38\"",\""39\"",\""40\"",\""41\"",\""42\""]""";https://cdn.etrias.nl/media/cache/product_thumb_md/a/d/adidas_women_gazelle_indoor_pure_teal_off_white_gold_metallic_7.jpg;104;Femme;['menthol', 'or', 'bleu', 'blanc']
KVP009;Baskets Adidas Femme Gazelle Bold Ash Green;Adidas;Offrant une alliance parfaite entre hritage et modernit, cette paire de baskets pour femmes sduit par son design rtro inspir des modles iconiques des annes 70.\n\nLa marque Adidas propose ici une cration raffine, dote dñun dessus en cuir et matires synthtiques, dans une lgante combinaison de couleurs Ash Green, Off White et Gum.\n\nLes clbres 3 bandes, accompagnes de lñinscription dore sur le ct, tmoignent de lñauthenticit et du prestige de la marque.\n\nLa doublure synthtique assure un confort optimal tout au long de la journe, tandis que la semelle extrieure en gomme garantit une excellente adhrence et une durabilit remarquable.\n\nLa fermeture  lacets permet un ajustement personnalis, et le dtail bijou sur le talon apporte une touche dñoriginalit.\n\nConvient  toutes celles qui recherchent un style intemporel sans compromis sur la qualit. Ces baskets incarnent lñesprit dñinnovation et dñexcellence dñAdidas, et sñimposent comme un choix incontournable pour complter une garde-robe sophistique et tendance.;120;"""[\""35\"",\""36\"",\""37\"",\""38\"",\""39\"",\""40\"",\""41\"",\""42\""]""";https://cdn.etrias.nl/media/cache/product_thumb_md/a/d/adidas_women_gazelle_bold_ash_green_off_white_gum_16.jpg;85;Femme;['vert', 'noir', 'blanc']
KVP010;Baskets Adidas Femme Gazelle Bold Trace Brown;Adidas;Dcouvrez lñalliance parfaite entre le style rtro et le confort moderne avec cette paire de baskets signe Adidas.\n\nConue pour les femmes  la recherche dñune touche dñoriginalit, cette chaussure sduit par sa couleur raffine Trace Brown, rehausse de dtails Clear Pink et Earth Strata, offrant une esthtique unique et polyvalente.\n\nLa matire du dessus, mlant cuir et synthtique, assure une grande durabilit tout en conservant une allure lgante.\n\nLa triple semelle plateforme en caoutchouc apporte une hauteur supplmentaire et un effet tendance, idal pour celles qui souhaitent affirmer leur style.\n\nLes clbres 3-Stripes et le logo dor sur le ct tmoignent de lñauthenticit et du savoir-faire de la marque Adidas, rfrence mondiale en matire de baskets.\n\nLa fermeture  lacets garantit un ajustement parfait, tandis que la doublure textile et synthtique offre un confort optimal tout au long de la journe. Inspire dñun modle emblmatique de 1971, cette basket sñadresse aux femmes qui aiment marier hritage sportif et mode contemporaine. Polyvalente, elle sñadapte aussi bien  un look dcontract quñ une tenue plus sophistique.\n\nOptez pour une basket qui allie qualit, confort et design intemporel, et faites la diffrence  chaque pas.;120;"""[\""35\"",\""36\"",\""37\"",\""38\"",\""39\"",\""40\"",\""41\"",\""42\""]""";https://cdn.etrias.nl/media/cache/product_thumb_md/a/d/adidas_women_gazelle_bold_trace_brown_clear_pink_earth_strata_7.jpg;85;Femme;['marron', 'rose']
KVP011;Baskets Adidas Femme Superstar II Off White;Adidas;Dcouvrez lñlgance intemporelle allie  la performance avec ces baskets signes Adidas, un choix incontournable pour toutes les femmes en qute de style et de confort au quotidien. Inspires par lñhritage du basketball des annes 70, ces chaussures se distinguent par leur design emblmatique et leur qualit suprieure.\n\nLa matire principale, un cuir raffin, apporte une touche de luxe tandis que la clbre triple bande latrale affirme un look authentique et reconnaissable.\n\nLa protection offerte par lñemblmatique shell-toe en caoutchouc assure une rsistance optimale, idale pour affronter les dfis urbains avec assurance. Ë lñintrieur, la doublure textile procure douceur et bien-tre  chaque pas.\n\nLa semelle cupsole en caoutchouc garantit une excellente adhrence et une durabilit  toute preuve, faisant de cette paire un alli fiable pour tous les dplacements. Le logo Trefoil sur le talon et la fermeture  lacets parachvent ce modle avec une note classique et sophistique.\n\nParfaites pour complter une garde-robe moderne, ces baskets sñadressent  toutes celles qui souhaitent associer allure sportive et lgance urbaine.\n\nOptez pour un modle iconique qui traverse les tendances et sublime chaque tenue, tout en bnficiant du savoir-faire ingal dñAdidas.;120;"""[\""35\"",\""36\"",\""37\"",\""38\"",\""39\"",\""40\"",\""41\"",\""42\""]""";https://cdn.etrias.nl/media/cache/product_thumb_md/a/d/adidas_women_superstar_ii_off_white_core_black_off_white_8.jpg;93;Femme;['noir', 'blanc']
KVP012;Baskets ASICS Femme JOG 100S White;ASICS;Dcouvrez un confort ultime et un style intemporel avec cette basket, inspire des modles emblmatiques dñarchives dñASICS. Lñempeigne en mesh respirant, compose dñau moins 75 % de matriaux recycls, offre une ventilation optimale au quotidien. Des empicements synthtiques assurent un soutien et une durabilit supplmentaires, tandis que la semelle intermdiaire lgre en EVA garantit un amorti ractif.\n\nLa semelle intrieure ORTHOLITE contribue  un confort durable et  une gestion efficace de lñhumidit. Une semelle extrieure en caoutchouc avec des lignes de traction diagonales procure une excellente adhrence sur diverses surfaces. Cette basket polyvalente allie design rtro et technologie moderne, en faisant le choix idal pour ceux qui apprcient style, confort et durabilit;110;"""[\""35\"",\""36\"",\""37\"",\""38\"",\""39\"",\""40\"",\""41\"",\""42\""]""";https://cdn.etrias.nl/media/cache/product_thumb_md/a/s/asics_women_jog_100s_whitecream_6.jpg;79;Femme;['blanc']
KVP013;Baskets ASICS Femme JOG 100S Black;ASICS;Dcouvrez un confort ultime et un style intemporel avec cette lgante sneaker dñASICS, inspire par des chaussures de course classiques et rinvente avec des technologies modernes. Lñempeigne en mesh respirant, fabrique  partir de fibres recycles, assure une ventilation optimale et une grande durabilit.\n\nLa semelle en EVA moule dñune seule pice offre un excellent amorti, tandis que la semelle intrieure ORTHOLITE garantit un confort supplmentaire sous le pied. Grce  la teinture innovante Ç spin-dyeÊÈ, lñenvironnement est prserv grce  une rduction de 33% de la consommation dñeau.\n\nParfaite pour un usage quotidien ou des activits sportives, cette sneaker allie avec aisance mode et fonctionnalit. Choisissez une dmarche consciente, lgante et confortable grce  la qualit ASICS;110;"""[\""35\"",\""36\"",\""37\"",\""38\"",\""39\"",\""40\"",\""41\"",\""42\""]""";https://cdn.etrias.nl/media/cache/product_thumb_md/a/s/asics_women_jog_100s_blackblack_6.jpg;87;Femme;['noir']
KVP014;Baskets ASICS Men GEL-QUANTUM 360 I White;ASICS;Dcouvrez lñalliance parfaite entre innovation et lgance sportive avec ces baskets signes ASICS.\n\nConues pour les hommes exigeants, elles offrent un confort exceptionnel grce  une technologie de pointe. Le dessus en mesh jacquard assure une excellente ventilation, maintenant vos pieds au frais mme lors des activits les plus intenses.\n\nLa combinaison du mesh et du synthtique garantit lgret et durabilit, tandis que le contrefort externe au talon apporte une stabilit accrue  chaque pas.\n\nLa semelle intermdiaire intgre un amorti FF BLAST PLUS, procurant un confort suprieur et un retour dñnergie optimal.\n\nLa technologie GEL sur 360 degrs absorbe efficacement les chocs, idale pour les longues journes ou les entranements intensifs.\n\nLa technologie TRUSSTIC renforce la stabilit et confre une allure dynamique  lñensemble. Avec leur couleur blanche rehausse de touches Diva Pink, ces baskets incarnent lñquilibre parfait entre performance et style.\n\nOptez pour lñexcellence japonaise et laissez-vous sduire par une chaussure qui accompagne chaque mouvement avec assurance et modernit.\n\nConvient pour : Hommes. Marque : ASICS. Couleur : White/Diva Pink.;180;"""[\""35\"",\""36\"",\""37\"",\""38\"",\""39\"",\""40\"",\""41\"",\""42\"",\""43\"",\""44\"",\""45\"",\""46\"",\""47\""]""";https://cdn.etrias.nl/media/cache/product_thumb_md/a/s/asics_men_gel_quantum_360_i_whitediva_pink_6.jpg;137;Unisexe;['rose', 'blanc']
KVP015;Baskets ASICS Unisexe GEL-KINETIC FLUENT White;ASICS;Cette basket lgante combine un design intemporel, inspir des chaussures de course des annes 2010, avec les dernires innovations technologiques. Grce  la technologie avance Scutoid GEL et  lñamorti FF BLAST PLUS ECO, chaque pas bnficie dñun amorti ultime et dñun rebond ractif. Le systme de soutien TRUSSTIC offre une stabilit supplmentaire, idale pour un usage quotidien ou les activits sportives.\n\nLa tige synthtique contient au moins 20 % de matriaux recycls, alliant ainsi durabilit et respect de lñenvironnement. Lñassociation lgante du blanc et du massepain fait de cette basket unisexe un choix parfait pour ceux qui recherchent confort, performance et style en un seul modle;170;"""[\""35\"",\""36\"",\""37\"",\""38\"",\""39\"",\""40\"",\""41\"",\""42\"",\""43\"",\""44\"",\""45\"",\""46\"",\""47\""]""";https://cdn.etrias.nl/media/cache/product_thumb_md/a/s/asics_unisex_gel_kinetic_fluent_whitemarzipan_6.jpg;126;Unisexe;['blanc']
KVP016;Baskets ASICS Unisex GEL-CUMULUS 16 Cream;ASICS;Cette sneaker lgante dñASICS allie un design intemporel  des technologies avances pour un confort optimal lors des longues distances.\n\nLa tige en mesh respirant assure une excellente ventilation et garde les pieds frais, tandis que la semelle intermdiaire FluidRide et lñamorti double GEL absorbent les chocs sans effort.\n\nLa semelle extrieure AHAR, durable, garantit une adhrence fiable, mme en cas dñutilisation intensive. Grce  son poids lger et au systme innovant Trusstic, lñefficacit de la foule est amliore.\n\nLa semelle intrieure amovible et anti-odeurs augmente le confort de port.\n\nParfait pour ceux qui recherchent une combinaison de performance, de durabilit et de style, avec une lgante palette de couleurs crme/ivoire;150;"""[\""35\"",\""36\"",\""37\"",\""38\"",\""39\"",\""40\"",\""41\"",\""42\"",\""43\"",\""44\"",\""45\"",\""46\"",\""47\""]""";https://cdn.etrias.nl/media/cache/product_thumb_md/a/s/asics_unisex_gel_cumulus_16_creamivory_6.jpg;101;Unisexe;['blanc']
KVP017;Baskets ASICS Unisexe GEL-CUMULUS 16 White;ASICS;Dcouvrez lñalliance parfaite entre performance et lgance avec ces baskets signes ASICS.\n\nConues pour offrir un confort exceptionnel sur de longues distances, elles sduisent grce  leur design intemporel et  leur technologie avance.\n\nLeur tige en mesh et en synthtique assure une excellente ventilation, maintenant vos pieds frais mme lors dñefforts prolongs.\n\nLa semelle intermdiaire FluidRide procure une sensation de lgret et dñamorti dynamique, tandis que la technologie GEL intgre  lñavant-pied et au talon absorbe efficacement les chocs pour une foule tout en douceur.\n\nLa semelle extrieure en caoutchouc AHAR garantit une durabilit remarquable et une adhrence optimale sur toutes les surfaces. Grce au Trusstic System et  la Guidance Line, chaque pas devient plus stable et plus efficace.\n\nLa semelle intrieure ComforDry, amovible et anti-odeur, renforce le confort au quotidien.\n\nConvient  tous, ce modle est idal aussi bien pour la pratique sportive que pour un usage quotidien.\n\nOptez pour la qualit et lñinnovation de la marque japonaise ASICS et levez votre exprience de marche ou de course  un niveau suprieur.;150;"""[\""35\"",\""36\"",\""37\"",\""38\"",\""39\"",\""40\"",\""41\"",\""42\"",\""43\"",\""44\"",\""45\"",\""46\"",\""47\""]""";https://cdn.etrias.nl/media/cache/product_thumb_md/a/s/asics_unisex_gel_cumulus_16_whiteironclad_7.jpg;130;Unisexe;['blanc']
KVP018;Baskets ASICS Unisexe GEL-CUMULUS 16 Cream;ASICS;Dcouvrez lñalliance parfaite entre technologie avance et lgance sportive avec ces baskets signes ASICS.\n\nConues pour les amateurs de confort et de performance, elles se distinguent par leur design moderne et leur couleur Cream/Clay Grey, idale pour un look raffin au quotidien.\n\nLeur tige en mesh et synthtique assure une excellente aration, gardant vos pieds frais mme lors dñefforts prolongs.\n\nLa semelle intermdiaire FluidRide offre une lgret remarquable tout en garantissant un amorti dynamique et ractif, tandis que la technologie GEL intgre  lñavant-pied et au talon absorbe efficacement les chocs, pour une sensation de douceur  chaque pas. Grce  la semelle extrieure en caoutchouc AHAR, la durabilit et lñadhrence sont au rendez-vous, mme sur les surfaces les plus exigeantes. Le systme Trusstic et la Guidance Line optimisent la stabilit et la fluidit du mouvement, renforant lñefficacit de votre foule.\n\nLa semelle intrieure ComforDry, amovible et anti-odeur, contribue  maintenir un environnement sain et sec.\n\nConvient  tous, ce modle lger est un choix incontournable pour ceux qui recherchent la qualit, la fonctionnalit et le style, que ce soit pour la course  pied ou pour un usage quotidien. Faites confiance  la marque ASICS, rfrence mondiale en matire de baskets innovantes, pour accompagner chaque pas vers vos objectifs.;150;"""[\""35\"",\""36\"",\""37\"",\""38\"",\""39\"",\""40\"",\""41\"",\""42\"",\""43\"",\""44\"",\""45\"",\""46\"",\""47\""]""";https://cdn.etrias.nl/media/cache/product_thumb_md/a/s/asics_unisex_gel_cumulus_16_creamclay_grey_6.jpg;111;Unisexe;['gris', 'marron', 'blanc']
KVP019;Baskets ASICS Unisexe GEL-KAYANO 12.1 Cream;ASICS;Dcouvrez un confort et un style ultimes avec cette sneaker exclusive, fruit dñune collaboration unique entre ASICS et KITH. Inspire dñun modle emblmatique de 2006, cette version associe une tige en mesh respirant  des empicements synthtiques pour un look moderne. Grce  la technologie avance FLUIDRIDE et  lñamorti GEL  lñavant-pied comme  lñarrire-pied, chaque pas est  la fois facile et confortable.\n\nLa construction de la semelle, base sur la GEL-NIMBUS 17, offre un soutien optimal et une grande durabilit.\n\nLa semelle intrieure recycle souligne le caractre durable du modle.\n\nParfaite pour ceux qui recherchent une sneaker polyvalente et lgante, alliant sans effort performance sportive et mode;180;"""[\""35\"",\""36\"",\""37\"",\""38\"",\""39\"",\""40\"",\""41\"",\""42\"",\""43\"",\""44\"",\""45\"",\""46\"",\""47\""]""";https://cdn.etrias.nl/media/cache/product_thumb_md/a/s/asics_unisex_gel_kayano_121_creampure_silver_6.jpg;124;Unisexe;['argent', 'blanc']
KVP020;Baskets ASICS Unisexe GEL-KAYANO 12.1 White;ASICS;Cette sneaker allie lgance sportive et technologie innovante, fruit dñune collaboration unique avec KITH. Inspir par les armures gothiques europennes de 2006, le modle incarne  la fois lñhritage et une touche de modernit. Grce  sa tige en mesh respirant et en matires synthtiques, le confort reste optimal, tandis que la technologie FLUIDRIDE et le systme dñamorti GEL  lñavant et  lñarrire du pied offrent une excellente absorption des chocs et un soutien lger.\n\nLa doublure intrieure cologique souligne son caractre durable. Ce modle unisexe propose lñquilibre parfait entre style, performance et confort, idal pour ceux qui recherchent une sneaker lifestyle exclusive et fonctionnelle;180;"""[\""35\"",\""36\"",\""37\"",\""38\"",\""39\"",\""40\"",\""41\"",\""42\"",\""43\"",\""44\"",\""45\"",\""46\"",\""47\""]""";https://cdn.etrias.nl/media/cache/product_thumb_md/a/s/asics_unisex_gel_kayano_121_whitepure_silver_6.jpg;63;Unisexe;['argent', 'blanc']
KVP021;Baskets ASICS Femme GEL-NUNOBIKI Cosmos;ASICS;Dcouvrez une nouvelle dimension du style sportif avec ces baskets pour femmes signes ASICS. Inspires par lñunivers des trailrunners du dbut des annes 2000, elles se distinguent par une silhouette moderne et dynamique, idale pour les passionnes de mode urbaine  la recherche de performance.\n\nLa tige en matriau synthtique associe habilement des finitions mates et semi-brillantes, crant un contraste raffin dans une lgante couleur Cosmos/Pure Silver.\n\nLes larges lacets en ruban apportent une touche originale et tendance, tout en assurant un maintien optimal.\n\nLa semelle extrieure, spcialement conue pour le trail, offre une adhrence suprieure sur diffrents types de surfaces, garantissant scurit et stabilit  chaque pas. Grce  la technologie GEL intgre au niveau du talon, lñamorti est exceptionnel, absorbant efficacement les chocs pour un confort durable mme lors dñune utilisation prolonge.\n\nParfaitement adaptes aux femmes actives qui souhaitent allier fonctionnalit, innovation et esthtique contemporaine, ces baskets incarnent lñquilibre parfait entre la mode et la performance, fidles  lñesprit dñexcellence de la marque japonaise ASICS.\n\nOffrez-vous une exprience unique o chaque dtail est pens pour sublimer votre quotidien, que ce soit en ville ou sur les sentiers.;120;"""[\""35\"",\""36\"",\""37\"",\""38\"",\""39\"",\""40\"",\""41\"",\""42\""]""";https://cdn.etrias.nl/media/cache/product_thumb_md/a/s/asics_women_gel_nunobiki_cosmospure_silver_6.jpg;101;Femme;['argent']
KVP022;Baskets ASICS Femme GEL-NUNOBIKI White;ASICS;Dcouvrez lñalliance parfaite entre le style contemporain et la performance avec ces baskets signes par la marque japonaise ASICS. Inspires par les clbres chutes de Nunobiki  Kobe, ces chaussures affichent une silhouette raffine qui rappelle les modles de trail emblmatiques du dbut des annes 2000.\n\nLeur dessus en matire synthtique se distingue par une combinaison lgante de couches mates et semi-brillantes, offrant un contraste subtil et moderne.\n\nLes larges lacets apportent une touche audacieuse, tandis que la semelle extrieure  motif trail assure une adhrence optimale, idale pour affronter aussi bien les rues urbaines que les sentiers en pleine nature. Grce  la technologie GEL place au niveau du talon, chaque pas bnficie dñune excellente absorption des chocs, garantissant un confort exceptionnel tout au long de la journe.\n\nLa semelle intrieure durable, conue selon un procd de teinture respectueux de lñenvironnement, souligne lñengagement de la marque envers la durabilit. Polyvalentes et lgantes, ces baskets conviennent parfaitement aux femmes  la recherche de chaussures alliant confort, fonctionnalit et esthtique pour un usage quotidien ou sportif.\n\nAdoptez lñexcellence ASICS et vivez une exprience unique o mode et innovation se rencontrent.;120;"""[\""35\"",\""36\"",\""37\"",\""38\"",\""39\"",\""40\"",\""41\"",\""42\""]""";https://cdn.etrias.nl/media/cache/product_thumb_md/a/s/asics_women_gel_nunobiki_whitepure_silver_6.jpg;78;Femme;['argent', 'blanc']
KVP023;Baskets ASICS Femme GEL-QUANTUM 360 I Graphite Grey;ASICS;Entrez dans un monde de confort et dñinnovation avec cette sneaker lgante dñASICS. Lñempeigne en mesh respirant assure une ventilation optimale, tandis que les dtails en impression 5D apportent une touche moderne. Grce  la technologie avance TRUSSTIC et au contrefort de talon externe en TPU, une stabilit et un soutien supplmentaires sont assurs  chaque pas.\n\nLa technologie unique DIVISION GEL et lñamorti FF BLAST ECO, enrichi de 20% de biomasse provenant de la canne  sucre, offrent une excellente absorption des chocs et un grand confort.\n\nConue en collaboration avec lñASICS Institute of Sport Science, cette sneaker combine performances sportives et design contemporain. Idal pour celles et ceux qui souhaitent allier style et fonctionnalit;180;"""[\""35\"",\""36\"",\""37\"",\""38\"",\""39\"",\""40\"",\""41\"",\""42\""]""";https://cdn.etrias.nl/media/cache/product_thumb_md/a/s/asics_women_gel_quantum_360_i_graphite_greyhazard_green_6.jpg;107;Femme;['gris', 'vert']
KVP024;Baskets Adidas Bb Superstar Led Lights Comfort Closure Elastic Lace Cloud White;Adidas;Dcouvrez lñalliance parfaite entre innovation et style avec cette paire de baskets signe Adidas, conue spcialement pour les tout-petits. Arborant la clbre silhouette intemporelle, ce modle sduit par ses trois bandes emblmatiques illumines par des LED intgres, offrant divers effets lumineux qui captiveront lñattention  chaque pas. Grce  une commande discrte sur le ct, votre enfant peut facilement activer ou changer les effets lumineux, ajoutant ainsi une touche ludique  ses tenues quotidiennes.\n\nLa matire synthtique du dessus assure robustesse et facilit dñentretien, tandis que la doublure textile garantit douceur et confort optimal.\n\nLa semelle extrieure en caoutchouc, dote dñune cupsole, offre une adhrence fiable pour accompagner les premiers pas en toute scurit. Lñajustement est simplifi grce  des lacets lastiques et  une fermeture  scratch, permettant un enfilage rapide et un maintien sr.\n\nLa semelle intrieure OrthoLite assure un amorti supplmentaire, et la semelle de mesure Adifit permet de vrifier la taille idale pour un confort sur mesure.\n\nParfaites pour les jeunes explorateurs dsireux de se dmarquer, ces baskets associent lñhritage de la marque Adidas  une technologie moderne, pour un look tendance et fonctionnel.\n\nOffrez  votre enfant le plaisir de marcher avec style, confort et scurit, tout en profitant de la qualit reconnue dñAdidas.;75;"""[\""35\"",\""36\"",\""37\"",\""38\"",\""39\"",\""40\"",\""41\"",\""42\"",\""43\"",\""44\"",\""45\"",\""46\"",\""47\""]""";https://cdn.etrias.nl/media/cache/product_thumb_md/a/d/adidas_infant_superstar_led_lights_comfort_closure_elastic_lace_cloud_white_core_black_cloud_white_11.jpg;125;Unisexe;['noir', 'blanc']
KVP025;Baskets Adidas Enfant Superstar Led Lights CF EL Cloud White;Adidas;Dcouvrez une paire de baskets qui allie  la perfection hritage sportif et innovation moderne. Inspire des modles emblmatiques des annes 70, cette cration signe Adidas sduit par son look rtro revisit et ses dtails ludiques.\n\nLa matire synthtique de haute qualit assure une durabilit remarquable, tandis que la doublure textile procure un confort optimal au quotidien.\n\nLa clbre shell-toe et le logo Trefoil sur le talon renforcent le caractre authentique de cette chaussure, idale pour les jeunes amateurs de style. Ce qui distingue particulirement ce modle, ce sont les effets lumineux LED intgrs dans les trois bandes iconiques. Trois modes dñclairage diffrents, activables simplement grce  un bouton, apportent une touche de fantaisie et garantissent de ne jamais passer inaperu sur le terrain de jeu ou  lñcole.\n\nLa semelle cup en caoutchouc offre une adhrence fiable, essentielle pour accompagner les enfants dans toutes leurs activits. Avec sa fermeture  lacets, cette basket assure un maintien parfait du pied. Opter pour ce modle, cñest offrir  son enfant une combinaison unique de style intemporel, de confort et dñinnovation, signe par la marque de rfrence Adidas.\n\nParfait pour celles et ceux qui souhaitent exprimer leur personnalit tout en profitant dñune chaussure rsistante et tendance.\n\nConvient aux enfants.;80;"""[\""16\"",\""17\"",\""18\"",\""19\"",\""20\"",\""21\"",\""22\"",\""23\"",\""24\"",\""25\"",\""26\"",\""27\"",\""28\"",\""29\"",\""30\"",\""31\"",\""32\"",\""33\"",\""34\"",\""35\"",\""36\"",\""37\""]""";https://cdn.etrias.nl/media/cache/product_thumb_md/a/d/adidas_kids_superstar_led_lights_cf_el_cloud_white_core_black_cloud_white_10.jpg;233;Enfant;['noir', 'blanc']
KVP026;Baskets Adidas Femme Gazelle Indoor Core Black;Adidas;Dcouvrez lñlgance intemporelle associe au confort moderne avec ces baskets signes Adidas. Inspires par lñhritage sportif de la marque, elles affichent une allure rtro irrsistible, rehausse par un dessus en sude doux et luxueux.\n\nLes clbres 3-Stripes et un talon contrastant offrent une touche emblmatique immdiatement reconnaissable, idales pour les passionns de mode qui recherchent lñauthenticit.\n\nLa doublure synthtique assure un port agrable tout au long de la journe, tandis que la fermeture  lacets garantit un ajustement parfait.\n\nLa semelle extrieure en gomme, robuste et adhrente, confre non seulement une excellente traction mais accentue galement le style vintage de la chaussure. Initialement conues comme chaussures dñentranement, ces baskets sñintgrent dsormais parfaitement  toutes les tenues urbaines. Elles reprsentent un choix incontournable pour toutes celles qui apprcient la qualit, la durabilit et le raffinement.\n\nOffrez-vous une pice matresse qui sublimera votre collection et affirmez votre style avec assurance grce au savoir-faire ingal dñAdidas.;120;"""[\""35\"",\""36\"",\""37\"",\""38\"",\""39\"",\""40\"",\""41\"",\""42\""]""";https://cdn.etrias.nl/media/cache/product_thumb_md/a/d/adidas_women_gazelle_indoor_core_black_cream_white_gum_8.jpg;101;Femme;['noir', 'blanc']
KVP027;Baskets Adidas Femme Adidas BRMD Wonder Mauve;Adidas;Dcouvrez une paire de baskets qui incarne parfaitement lñalliance entre lñhritage et la modernit. Inspire par une silhouette emblmatique des annes 80, cette cration de la marque Adidas sduit par sa matire en sude haut de gamme et ses couleurs uniques : Wonder Mauve, Almost Yellow et Wonder Quartz.\n\nLes clbres 3-Stripes contrastantes ajoutent une touche rtro instantanment reconnaissable, tandis que la large fermeture  lacets et la collerette rembourre offrent un confort optimal et une allure contemporaine.\n\nLa doublure synthtique assure une sensation agrable  chaque pas, et la semelle extrieure en caoutchouc gomme garantit adhrence et durabilit, mme lors dñun usage quotidien.\n\nConvient aux femmes  la recherche dñune basket aussi lgante que pratique, ce modle est idal pour celles qui souhaitent affirmer leur style tout en profitant du savoir-faire et du confort ingals dñAdidas.\n\nParfait pour complter toutes vos tenues, il apporte une note sportive et raffine  votre garde-robe.\n\nAdoptez lñexcellence dñune marque lgendaire et laissez-vous sduire par un design intemporel revisit pour la femme moderne.;110;"""[\""35\"",\""36\"",\""37\"",\""38\"",\""39\"",\""40\"",\""41\"",\""42\""]""";https://cdn.etrias.nl/media/cache/product_thumb_md/a/d/adidas_women_adidas_brmd_wonder_mauve_almost_yellow_wonder_quartz_8.jpg;102;Femme;['jaune']
KVP028;Baskets Adidas Femme Samba Jane Cream White;Adidas;Dcouvrez une paire de baskets qui incarne lñalliance parfaite entre hritage sportif et lgance contemporaine. Signe par la marque Adidas, cette cration pour femmes se distingue par son dessus en cuir raffin, offrant une allure sophistique et une rsistance optimale au quotidien. Inspire de lñiconique modle Samba, elle revisite la silhouette classique avec une esthtique Mary Jane moderne, idale pour celles qui recherchent une touche dñoriginalit dans leur garde-robe.\n\nLa fermeture  scratch rglable garantit un ajustement personnalis et pratique, tandis que la doublure synthtique procure un confort exceptionnel  chaque pas.\n\nLes clbres 3-Stripes denteles et lñinscription dore subtile sur le ct tmoignent du savoir-faire et de lñattention porte aux dtails propres  Adidas.\n\nLa semelle extrieure en caoutchouc gomme assure une adhrence remarquable, adapte  toutes les surfaces. Avec sa combinaison de couleurs lgantes Ð crme, gomme et noir Ð cette basket sñimpose comme un choix incontournable pour sublimer aussi bien des tenues dcontractes que plus habilles.\n\nOptez pour une pice tendance et intemporelle qui met en valeur votre style tout en garantissant confort et performance.;90;"""[\""35\"",\""36\"",\""37\"",\""38\"",\""39\"",\""40\"",\""41\"",\""42\""]""";https://cdn.etrias.nl/media/cache/product_thumb_md/a/d/adidas_women_samba_jane_cream_white_gum_core_black_8.jpg;99;Femme;['noir', 'blanc']
KVP029;Baskets Adidas Femmes Handball Spezial Glow Blue;Adidas;Dcouvrez un modle emblmatique qui incarne parfaitement lñalliance entre hritage sportif et tendances actuelles. Inspires du style rtro des annes 70, ces baskets pour femmes sduisent par leur design authentique et leur confort moderne.\n\nLa matire principale, un cuir de qualit rehauss de dtails en sude premium, offre une allure lgante et une grande durabilit au quotidien.\n\nLa couleur vibrante, mlant bleu clatant et rouge, attire tous les regards et sñassocie aisment  de nombreuses tenues, pour une touche sportive et sophistique.\n\nLes fameuses 3-Stripes sur le ct, signature de la marque Adidas, ainsi que lñinscription en dor, soulignent le caractre exclusif de cette paire.\n\nLa doublure synthtique assure un confort optimal, tandis que la semelle extrieure en caoutchouc garantit une excellente adhrence sur toutes les surfaces. Grce  la fermeture  lacets, chaque pied bnficie dñun ajustement parfait.\n\nConviennent aux femmes  la recherche dñun modle unique, alliant style vintage et innovation, ces baskets sont un choix incontournable pour celles qui souhaitent afficher une allure intemporelle tout en profitant du savoir-faire et de la qualit reconnue dñAdidas.;110;"""[\""35\"",\""36\"",\""37\"",\""38\"",\""39\"",\""40\"",\""41\"",\""42\""]""";https://cdn.etrias.nl/media/cache/product_thumb_md/a/d/adidas_women_handball_spezial_glow_blue_red_blue_spark_8.jpg;75;Femme;['rouge', 'bleu']
KVP030;Baskets Adidas Femme Handball Spezial Orange Tint;Adidas;Dcouvrez une paire de baskets qui allie parfaitement lñhritage du style rtro et lñinnovation moderne. Imagine pour offrir une exprience unique, cette cration emblmatique sduit par son design inspir des annes 70 et son lgante combinaison de couleurs Orange Tint, Powder Plum et Gum. Son dessus en cuir haut de gamme garantit une grande durabilit et un confort optimal, tandis que la doublure synthtique assure une sensation agrable  chaque pas.\n\nLa semelle extrieure en caoutchouc robuste offre une adhrence fiable, idale pour un usage quotidien.\n\nLes clbres 3 bandes et lñinscription dore sur le ct soulignent lñauthenticit et le prestige de la marque Adidas.\n\nConue  lñorigine pour la performance sportive, cette basket sñimpose aujourdñhui comme un incontournable de la mode urbaine, parfaite pour les femmes en qute dñun look unique, dñune qualit suprieure et dñun clin dñÏil  lñhistoire du sport.\n\nOptez pour une chaussure qui ne fait aucun compromis entre style, confort et tradition.;110;"""[\""35\"",\""36\"",\""37\"",\""38\"",\""39\"",\""40\"",\""41\"",\""42\""]""";https://cdn.etrias.nl/media/cache/product_thumb_md/a/d/adidas_women_handball_spezial_orange_tint_powder_plum_gum_8.jpg;57;Femme;['orange', 'noir']
KVP031;Baskets Adidas Unisexe Handball Spezial Maroon;Adidas;Dcouvrez lñalliance parfaite entre hritage sportif et style contemporain avec ces baskets emblmatiques signes Adidas.\n\nConues  lñorigine pour la pratique du handball en 1979, elles se sont imposes au fil des annes comme une rfrence incontournable du streetwear.\n\nLeur dessus en cuir de qualit suprieure, dclin dans des tons marron et preloved red, apporte une touche dñlgance et de sophistication  chaque tenue.\n\nLes dtails raffins tels que les 3-Stripes cousues  la main et lñinscription dore Ç Spezial È sur le ct tmoignent du savoir-faire unique de la marque.\n\nLa doublure textile assure un confort optimal, tandis que la semelle extrieure en caoutchouc garantit une adhrence durable, idale aussi bien pour la ville que pour les activits sportives. Grce  leur fermeture  lacets, ces baskets offrent un ajustement parfait et conviennent aussi bien aux hommes quñaux femmes. Opter pour ce modle, cñest choisir la qualit, lñauthenticit et le confort lgendaires dñAdidas, une marque reconnue mondialement pour son design innovant et son engagement envers la performance. Ces baskets sont le choix idal pour tous ceux qui recherchent une pice polyvalente,  la fois tendance et intemporelle,  ajouter  leur collection.;110;"""[\""35\"",\""36\"",\""37\"",\""38\"",\""39\"",\""40\"",\""41\"",\""42\"",\""43\"",\""44\"",\""45\"",\""46\"",\""47\""]""";https://cdn.etrias.nl/media/cache/product_thumb_md/a/d/adidas_unisex_handball_spezial_maroon_preloved_red_gum_8.jpg;156;Unisexe;['rouge', 'noir']
KVP032;Baskets Adidas Homme Gazelle Alumina;Adidas;Dcouvrez lñalliance parfaite entre le style intemporel et lñinnovation contemporaine avec ces baskets signes par la marque Adidas.\n\nConues pour les hommes exigeants, elles se distinguent par une lgante combinaison de couleurs Alumina, Blue et Gum.\n\nLeur matire suprieure en cuir et synthtique offre une allure sophistique tout en garantissant une grande durabilit.\n\nLa doublure synthtique et textile assure une excellente respirabilit, idale pour un confort au quotidien.\n\nLa semelle extrieure en caoutchouc procure une adhrence fiable sur toutes les surfaces, rendant ces baskets adaptes  toutes les occasions.\n\nLes dtails iconiques, tels que les 3-Stripes denteles sur le ct, le logo Trefoil sur la languette et le talon, ainsi que le marquage dor sur le ct, soulignent le caractre authentique de ce modle.\n\nLa fermeture  lacets permet un ajustement parfait  chaque morphologie de pied.\n\nParfaites pour sublimer nñimporte quelle tenue, ces baskets incarnent lñexcellence et le savoir-faire dñAdidas, une marque reconnue mondialement pour la qualit et le confort de ses chaussures.\n\nOffrez-vous une paire qui traverse les tendances et reste un choix incontournable pour tous les amateurs de mode et de performance.\n\nConvient pour : les hommes.;110;"""[\""38\"",\""39\"",\""40\"",\""41\"",\""42\"",\""43\"",\""44\"",\""45\"",\""46\"",\""47\""]""";https://cdn.etrias.nl/media/cache/product_thumb_md/a/d/adidas_men_gazelle_alumina_blue_gum_8.jpg;121;Homme;['noir', 'bleu']
KVP033;Baskets Adidas Enfant Superstar II Core Black;Adidas;Dcouvrez lñalliance parfaite entre le style intemporel et le confort moderne avec ces baskets pour enfants signes Adidas.\n\nConues pour accompagner les plus jeunes dans toutes leurs aventures, ces chaussures se distinguent par leur design iconique, reconnaissable aux clbres trois bandes denteles et  lñemblmatique coque en caoutchouc  lñavant, offrant une protection optimale au quotidien. Fabriques  partir de matires synthtiques et de cuir enduit, elles garantissent une grande durabilit tout en restant faciles  entretenir avec un simple chiffon humide et un dtergent doux.\n\nLa doublure textile intrieure et la semelle intrieure prforme assurent un confort durable, tandis que la languette et le talon rembourrs procurent un maintien agrable.\n\nLa semelle extrieure en caoutchouc, dote dñun motif  chevrons, offre une adhrence exceptionnelle sur toutes les surfaces, idale pour les enfants actifs. Grce  leur fermeture  lacets, ces baskets sñajustent parfaitement  chaque pied.\n\nLeur couleur noire et blanche sñharmonise facilement avec toutes les tenues, rendant ces chaussures polyvalentes pour lñcole, les loisirs ou les sorties.\n\nOptez pour un modle emblmatique de la marque Adidas, synonyme de qualit, de style et de performance, et offrez  votre enfant le meilleur du confort et de la mode.\n\nConvient aux enfants.;70;"""[\""16\"",\""17\"",\""18\"",\""19\"",\""20\"",\""21\"",\""22\"",\""23\"",\""24\"",\""25\"",\""26\"",\""27\"",\""28\"",\""29\"",\""30\"",\""31\"",\""32\"",\""33\"",\""34\"",\""35\"",\""36\"",\""37\""]""";https://cdn.etrias.nl/media/cache/product_thumb_md/a/d/adidas_kids_superstar_ii_core_black_cloud_white_core_black_8.jpg;250;Enfant;['noir', 'blanc']
KVP034;Baskets Adidas Femme Sambae Cloud White;Adidas;Dcouvrez une paire de baskets qui allie parfaitement lñhritage sportif et lñlgance contemporaine. Inspire des chaussures dñentranement de football classiques, cette cration signe Adidas sduit par son design rtro rehauss de dtails modernes. Son dessus en cuir, orn dñun dlicat motif floral et des iconiques 3-Stripes crantes, offre une allure raffine et originale.\n\nLa plateforme en gomme, associe  une semelle extrieure robuste, assure non seulement une touche de hauteur supplmentaire, mais aussi une excellente adhrence et une grande durabilit au quotidien.\n\nLa doublure synthtique et la fermeture  lacets garantissent un confort optimal ainsi quñun ajustement parfait, rpondant aux exigences des femmes actives et soucieuses de leur style. Avec sa palette de couleurs nuances Ð Cloud White, Linen Green et Gum Ð cette basket sñadapte aisment  toutes vos tenues, quñelles soient sportives ou dcontractes. Depuis plus de 70 ans, Adidas est reconnue pour la qualit et le confort de ses chaussures, faisant de ce modle un incontournable pour celles qui recherchent une basket polyvalente, tendance et intemporelle.\n\nOffrez-vous une exprience unique o mode et performance ne font quñun.;120;"""[\""35\"",\""36\"",\""37\"",\""38\"",\""39\"",\""40\"",\""41\"",\""42\""]""";https://cdn.etrias.nl/media/cache/product_thumb_md/a/d/adidas_women_sambae_cloud_white_linen_green_gum_10.jpg;95;Femme;['vert', 'noir', 'blanc']
KVP035;Baskets Adidas Femme Gazelle Bold Wonder Mauve;Adidas;Dcouvrez lñalliance parfaite entre style rtro et modernit avec ces baskets signes Adidas. Dotes dñune tige en sude doux dans une teinte Wonder Mauve raffine, elles sont sublimes par les emblmatiques 3-Stripes et un talon Off White, offrant une touche lgante et intemporelle  votre tenue.\n\nLa plateforme en gomme, compose de trois couches, confre non seulement une hauteur supplmentaire, mais apporte galement une allure vintage trs recherche.\n\nLa doublure synthtique assure un confort optimal tout au long de la journe, tandis que le dtail sophistiqu du lacet bijou sur la languette du talon et le logo distinctif sur la languette soulignent lñauthenticit du modle. Polyvalentes, ces baskets sñassocient aisment  une grande varit de looks dcontracts, faisant dñelles un choix incontournable pour celles qui souhaitent allier tendance et praticit.\n\nOffrez-vous une pice unique, parfaite pour rehausser votre garde-robe et affirmer votre style avec lñexcellence et le savoir-faire de la marque Adidas.;120;"""[\""35\"",\""36\"",\""37\"",\""38\"",\""39\"",\""40\"",\""41\"",\""42\""]""";https://cdn.etrias.nl/media/cache/product_thumb_md/a/d/adidas_women_gazelle_bold_wonder_mauve_off_white_gum_10.jpg;90;Femme;['noir', 'blanc']
KVP036;Baskets Adidas Femmes Gazelle Bold Powder Teal;Adidas;Dcouvrez lñalliance parfaite entre hritage sportif et lgance contemporaine avec cette paire de baskets signe par la marque Adidas.\n\nConue spcialement pour les femmes, cette cration sduit par ses teintes raffines de Powder Teal, Bliss Lilac et Pure Teal, offrant une touche de fracheur  votre garde-robe.\n\nLa matire en sude de qualit suprieure procure un aspect luxueux, tandis que la doublure synthtique assure un confort optimal tout au long de la journe.\n\nLa plateforme  semelle intermdiaire superpose confre une silhouette moderne et dynamique, idale pour celles qui recherchent une touche tendance sans sacrifier le confort.\n\nLes emblmatiques 3-Stripes sur les cts et le dtail dor mtallis ajoutent une note authentique et sophistique  lñensemble. Grce  la semelle extrieure en caoutchouc, vous bnficiez dñune adhrence fiable sur toutes les surfaces.\n\nLa fermeture  lacets permet un ajustement personnalis pour un maintien parfait. Ces baskets sñintgrent aisment  toutes vos tenues, quñelles soient dcontractes ou plus habilles, et deviennent rapidement un indispensable de la mode urbaine.\n\nOptez pour lñexcellence et lñinnovation dñAdidas, une marque reconnue mondialement pour son design unique et son savoir-faire exceptionnel.;120;"""[\""35\"",\""36\"",\""37\"",\""38\"",\""39\"",\""40\"",\""41\"",\""42\""]""";https://cdn.etrias.nl/media/cache/product_thumb_md/a/d/adidas_women_gazelle_bold_powder_teal_bliss_lilac_pure_teal_10.jpg;95;Femme;['menthol', 'violet', 'bleu']
KVP037;Baskets Adidas Homme adizero Evo SL Core Black;Adidas;Dcouvrez lñalliance parfaite entre performance et style avec ces baskets pour hommes signes Adidas.\n\nConues pour les passionns de sport et de mode, elles sñinspirent de lñunivers des chaussures de course de haut niveau pour offrir une exprience ingale au quotidien.\n\nLeur matire synthtique de haute qualit garantit une grande lgret et une rsistance optimale, tandis que la doublure textile assure un confort durable tout au long de la journe.\n\nLa technologie de semelle intermdiaire LIGHTSTRIKE PRO procure un amorti ractif et un excellent retour dñnergie, idal pour ceux qui recherchent du dynamisme et du soutien, que ce soit pour la course ou pour un usage urbain.\n\nLa fermeture  lacets permet un ajustement prcis, tandis que leur design audacieux, associant la couleur noire intense  des touches de blanc clatant, apporte une touche moderne et lgante  toutes vos tenues. En choisissant ce modle, vous bnficiez de lñexpertise dñune marque emblmatique, reconnue mondialement pour son innovation et la qualit de ses chaussures de sport. Ces baskets conviennent parfaitement aux hommes exigeants qui souhaitent allier performance, confort et esthtique dans leur vie active.;150;"""[\""38\"",\""39\"",\""40\"",\""41\"",\""42\"",\""43\"",\""44\"",\""45\"",\""46\"",\""47\""]""";https://cdn.etrias.nl/media/cache/product_thumb_md/a/d/adidas_men_adizero_evo_sl_core_black_cloud_white_core_black_14.jpg;141;Homme;['noir', 'blanc']
KVP038;Baskets Adidas Enfant Superstar LED Light Cloud White;Adidas;Cette sneaker lgante allie le design iconique dñun classique  des effets lumineux LED innovants intgrs dans les emblmatiques 3 bandes. Grce aux lacets lastiques et  la fermeture par scratch, le modle est facile  enfiler et  retirer. Dñune simple pression sur le bouton situ sur le ct, il est possible de passer facilement entre trois effets lumineux diffrents, apportant ainsi plus de plaisir et de visibilit.\n\nLa tige synthtique et la doublure textile offrent un confort optimal, tandis que la semelle en caoutchouc assure adhrence et durabilit. Le clbre logo Trefoil dñadidas sur le talon et la languette souligne le style intemporel.\n\nParfait pour les garons et les filles qui veulent associer originalit et confort;75;"""[\""16\"",\""17\"",\""18\"",\""19\"",\""20\"",\""21\"",\""22\"",\""23\"",\""24\"",\""25\"",\""26\"",\""27\"",\""28\"",\""29\"",\""30\"",\""31\"",\""32\"",\""33\"",\""34\"",\""35\"",\""36\"",\""37\""]""";https://cdn.etrias.nl/media/cache/product_thumb_md/a/d/adidas_kids_superstar_led_light_cloud_white_cloud_white_cloud_white_11.png;237;Enfant;['blanc']
KVP039;Baskets Adidas Unisexe Handball Spezial ST Powder Teal;Adidas;Dcouvrez lñalliance parfaite entre style intemporel et confort moderne avec ces baskets signes Adidas.\n\nLeur design, inspir de la mode handball des annes 70, sduit par des lignes classiques rehausses de dtails contemporains.\n\nLa matire principale en sude, sublime par des touches de cuir lgant, assure une allure raffine et une grande rsistance  lñusure.\n\nLa couleur unique, mlant des nuances de bleu et de noir, apporte une touche de fracheur  toutes vos tenues, quñelles soient sportives ou dcontractes.\n\nLa semelle cupsole en caoutchouc garantit une adhrence optimale au quotidien, tandis que la doublure textile offre un confort suprieur  chaque pas.\n\nLa fermeture  lacets permet un ajustement parfait, et lñemblmatique logo Trefoil sur la languette affirme votre appartenance  lñunivers Adidas.\n\nConvient pour tous, ce modle est idal pour ceux qui recherchent la qualit, la polyvalence et un look affirm. Choisissez ces baskets pour leur hritage, leur durabilit et leur capacit  sublimer chaque moment de votre journe.;110;"""[\""35\"",\""36\"",\""37\"",\""38\"",\""39\"",\""40\"",\""41\"",\""42\"",\""43\"",\""44\"",\""45\"",\""46\"",\""47\""]""";https://cdn.etrias.nl/media/cache/product_thumb_md/a/d/adidas_unisex_handball_spezial_st_powder_teal_core_black_preloved_teal_12.jpg;139;Unisexe;['noir', 'menthol', 'bleu']
KVP040;Baskets Adidas Homme Gazelle Indoor Wonder Alumina;Adidas;Dcouvrez une paire de baskets qui incarne lñalliance parfaite entre lñhritage sportif et le style contemporain. Ce modle, issu de la clbre marque Adidas, sduit par sa silhouette rtro inspire des annes 60, tout en intgrant des dtails modernes pour rpondre aux exigences dñaujourdñhui.\n\nLa matire premium, compose dñun dessus en cuir et en synthtique, assure une allure lgante et une grande durabilit.\n\nLa couleur raffine beige, rehausse de touches Lucid Red et Cloud White, apporte une note de sophistication  toutes vos tenues, quñelles soient dcontractes ou urbaines.\n\nLes iconiques 3 bandes sur le ct, accompagnes dñun logo dor subtil, tmoignent du savoir-faire et du prestige de la marque.\n\nLa doublure intrieure, mlange de textile et de matires synthtiques, garantit un confort optimal tout au long de la journe. Grce  la semelle cupsole en caoutchouc, vous bnficiez dñune adhrence fiable sur toutes les surfaces, idale pour une utilisation quotidienne.\n\nLa fermeture  lacets permet un ajustement personnalis, tandis que le logo Trefoil sur la languette rappelle lñauthenticit de cette cration Adidas.\n\nConvient pour les hommes  la recherche de baskets  la fois intemporelles et performantes, ce modle est un choix incontournable pour ceux qui apprcient la qualit, le confort et lñlgance sportive.\n\nAdoptez un classique revisit et affirmez votre style avec une chaussure qui traverse les poques sans jamais se dmoder.;120;"""[\""38\"",\""39\"",\""40\"",\""41\"",\""42\"",\""43\"",\""44\"",\""45\"",\""46\"",\""47\""]""";https://cdn.etrias.nl/media/cache/product_thumb_md/a/d/adidas_men_gazelle_indoor_wonder_alumina_lucid_red_cloud_white_6.jpg;159;Homme;['rouge', 'blanc']
KVP041;Baskets Adidas Women Gazelle Indoor Wonder Mauve;Adidas;Dcouvrez lñalliance parfaite entre hritage sportif et lgance contemporaine avec ces baskets signes Adidas.\n\nLeur silhouette rtro, inspire des modles dñentranement en salle, sduit par sa modernit et son raffinement.\n\nLa matire en sude haut de gamme, dans une dlicate couleur Wonder Mauve, confre une touche sophistique  lñensemble, tandis que les 3-Stripes plisses et lñemblmatique empicement en T ajoutent une note luxueuse et distinctive.\n\nLa doublure synthtique garantit un confort durable, et la semelle extrieure en gomme assure une excellente adhrence au quotidien. Grce  la fermeture  lacets, ces baskets offrent un maintien optimal et une adaptation parfaite  la morphologie du pied. Polyvalentes, elles sñaccordent aussi bien avec des tenues dcontractes quñavec des looks plus habills.\n\nConvient aux femmes recherchant un quilibre entre le style, le confort et la performance, ce modle sñimpose comme un indispensable pour toutes celles qui souhaitent affirmer leur personnalit tout en profitant du savoir-faire ingal de la marque Adidas.\n\nAdoptez une allure chic et intemporelle, tout en bnficiant de la qualit et du confort qui font la renomme dñAdidas  travers le monde.;120;"""[\""35\"",\""36\"",\""37\"",\""38\"",\""39\"",\""40\"",\""41\"",\""42\"",\""43\"",\""44\"",\""45\"",\""46\"",\""47\""]""";https://cdn.etrias.nl/media/cache/product_thumb_md/a/d/adidas_women_gazelle_indoor_wonder_mauve_cream_white_gum_8.jpg;106;Unisexe;['noir', 'blanc']
KVP042;Baskets Adidas Kids Handball Spezial Grey Two;Adidas;Offrez  votre enfant le parfait quilibre entre style, confort et durabilit avec ces baskets signes Adidas.\n\nConues pour accompagner les jeunes dans toutes leurs aventures quotidiennes, elles sduisent par leur allure rtro et sportive. Le dessus en sude de haute qualit, associ aux iconiques 3-Stripes en cuir et  la finition Ç SPEZIAL È, confre  ces baskets une touche authentique, tout en garantissant une grande rsistance  lñusure grce  la T-nez doublement cousue.\n\nLa semelle extrieure en gomme assure une excellente adhrence et une protection optimale, idale pour les activits en plein air comme pour le quotidien  lñcole. Ë lñintrieur, la doublure synthtique procure un confort suprieur, permettant  votre enfant de profiter dñun maintien agrable tout au long de la journe. Ce modle intemporel sñaccorde facilement avec toutes les tenues, ajoutant une note de flair sportif emblmatique  chaque look. Faites le choix dñune chaussure qui allie la qualit reconnue de la marque Adidas  un design moderne et fonctionnel, pour offrir  votre enfant le meilleur de la mode et de la performance.;65;"""[\""16\"",\""17\"",\""18\"",\""19\"",\""20\"",\""21\"",\""22\"",\""23\"",\""24\"",\""25\"",\""26\"",\""27\"",\""28\"",\""29\"",\""30\"",\""31\"",\""32\"",\""33\"",\""34\"",\""35\"",\""36\"",\""37\""]""";https://cdn.etrias.nl/media/cache/product_thumb_md/a/d/adidas_kids_handball_spezial_grey_two_pure_teal_gum_18.jpg;232;Enfant;['gris', 'noir', 'menthol', 'bleu']
KVP043;Baskets Adidas Women Samba OG Lucid Blue;Adidas;Dcouvrez lñlgance sportive allie  un look intemporel avec ces baskets signes Adidas, un incontournable pour toutes les femmes  la recherche dñun style raffin et confortable au quotidien.\n\nLeur dessus en textile satin, rehauss de dtails en sude, offre une allure luxueuse et moderne, tandis que les clbres 3-Stripes denteles apportent une touche authentique et reconnaissable.\n\nLa doublure synthtique et la semelle extrieure en caoutchouc garantissent un confort optimal et une excellente adhrence, que ce soit pour une journe active en ville ou pour complter une tenue dcontracte.\n\nLa fermeture  lacets permet un ajustement parfait, assurant maintien et stabilit  chaque pas. Inspires  lñorigine des chaussures de football en salle, ces baskets sont devenues un vritable symbole de la mode urbaine, faciles  associer avec diffrents styles. Le marquage dor Ç Samba È sur le ct ajoute une finition lgante et sophistique. Choisir ce modle, cñest opter pour la qualit et lñinnovation dñAdidas, une marque emblmatique qui allie performance et design depuis des dcennies.\n\nConvient aux femmes, ce modle sduit par sa couleur Lucid Blue / Night Indigo / Gum, pour un look  la fois audacieux et polyvalent.;120;"""[\""35\"",\""36\"",\""37\"",\""38\"",\""39\"",\""40\"",\""41\"",\""42\"",\""43\"",\""44\"",\""45\"",\""46\"",\""47\""]""";https://cdn.etrias.nl/media/cache/product_thumb_md/a/d/adidas_women_samba_og_lucid_blue_night_indigo_gum_18.jpg;145;Unisexe;['noir', 'bleu']
KVP044;Baskets Adidas Unisex Samba JP Colour;Adidas;Dcouvrez lñalliance parfaite entre hritage sportif et modernit urbaine avec cette paire de baskets signe Adidas. Ce modle emblmatique sduit par son design intemporel, inspir dñun classique du sport, revisit pour sñadapter  toutes les tendances actuelles. Sa tige en cuir de haute qualit, associe  des dtails en sude sur le talon, confre  la chaussure une allure lgante et une rsistance accrue  lñusure quotidienne.\n\nLes 3-Stripes denteles emblmatiques soulignent lñauthenticit du style, tandis que la semelle extrieure en caoutchouc assure adhrence et durabilit sur tous types de surfaces.\n\nLa doublure synthtique et la fermeture  lacets garantissent un maintien optimal et un confort exceptionnel tout au long de la journe. Un jeu de lacets supplmentaire, dans des couleurs assorties, offre une polyvalence de style et permet de personnaliser votre look selon vos envies. Ce modle unisexe sñadapte parfaitement  toutes les garde-robes et convient aussi bien pour un usage quotidien que pour des occasions spciales.\n\nOptez pour une paire de baskets qui allie qualit suprieure, confort durable et esthtique raffine, et affirmez votre style  chaque pas avec la signature unique dñAdidas.;130;"""[\""35\"",\""36\"",\""37\"",\""38\"",\""39\"",\""40\"",\""41\"",\""42\"",\""43\"",\""44\"",\""45\"",\""46\"",\""47\""]""";https://cdn.etrias.nl/media/cache/product_thumb_md/a/d/adidas_unisex_samba_jp_supplier_colour_supplier_colour_gum_31.jpg;146;Unisexe;['noir']
KVP045;Baskets Salomon Unisexe ACS+ OG Vanilla Ice;Salomon;Dcouvrez lñalliance parfaite entre innovation technique et style urbain avec ces baskets signes par la clbre marque franaise Salomon.\n\nConues pour offrir une exprience de marche incomparable, elles se distinguent par leur matire rsistante en ripstop et leur mesh dperlant qui protge efficacement contre lñeau et la salet, tout en assurant une grande durabilit. Grce  une doublure en textile respirant et  la technologie 3D Mesh, le confort reste optimal mme lors dñune utilisation prolonge.\n\nLa semelle extrieure en caoutchouc, dote de la technologie Mud Contagrip, garantit une adhrence exceptionnelle sur tous types de surfaces, quñelles soient rugueuses, humides ou ingales.\n\nLes dtails rflchissants ajoutent une touche de scurit et de modernit, tandis que le pare-boue protecteur et le coussin mdial assurent une protection accrue et un amorti suprieur. Le systme Agile Chassis System, associ  la semelle intermdiaire EnergyCell, offre stabilit et ractivit, idales pour les activits en extrieur comme pour un usage quotidien. Avec leur silhouette contemporaine et leur palette de couleurs raffine, ces baskets sduiront aussi bien les amateurs de mode que les passionns dñaventure.\n\nConviennent aux femmes et aux hommes en qute de performance, de confort et dñesthtique.;159,95;"""[\""35\"",\""36\"",\""37\"",\""38\"",\""39\"",\""40\"",\""41\"",\""42\"",\""43\"",\""44\"",\""45\"",\""46\"",\""47\""]""";https://cdn.etrias.nl/media/cache/product_thumb_md/s/a/salomon_unisex_acsplus_og_vanilla_ice_ebony_ftw_silver_6.jpg;119;Unisexe;['noir', 'argent', 'blanc']
KVP046;Baskets Adidas Unisexe Gazelle Team Core Black;Adidas;Dcouvrez lñalliance parfaite entre lñlgance intemporelle et le dynamisme sportif avec ces baskets signes Adidas.\n\nConues pour offrir un confort exceptionnel au quotidien, elles sduisent par leur design raffin et leurs clbres bandes latrales, vritable signature de la marque.\n\nLa tige en cuir de haute qualit assure non seulement une allure sophistique, mais garantit galement une grande durabilit, mme en cas dñutilisation intensive.\n\nLa semelle extrieure en caoutchouc, souple et rsistante, accompagne naturellement chacun de vos mouvements et procure une sensation de libert tout au long de la journe.\n\nLa forme arrondie  lñavant optimise le confort de port, tandis que le logo discret souligne le style affirm de ce modle. Grce  leur couleur noire et blanche polyvalente, ces baskets se marient aisment avec toutes vos tenues, que ce soit pour une journe  lñcole, une sortie en ville ou un moment de dtente.\n\nConvient  tous, ce modle unisexe sñadresse  celles et ceux qui recherchent la qualit, le style et la performance au quotidien. Faites le choix dñun classique revisit,  la fois tendance et fonctionnel, qui sñimpose comme un incontournable dans toute garde-robe moderne.;109,95;"""[\""35\"",\""36\"",\""37\"",\""38\"",\""39\"",\""40\"",\""41\"",\""42\"",\""43\"",\""44\"",\""45\"",\""46\"",\""47\""]""";https://cdn.etrias.nl/media/cache/product_thumb_md/a/d/adidas_unisex_gazelle_team_core_black_cloud_white_6.jpg;138;Unisexe;['noir', 'blanc']
KVP047;Baskets Adidas Women Terrex Skychaser Gore-Tex Earth Strata;Adidas;Dcouvrez lñalliance parfaite entre la performance, le confort et la responsabilit environnementale avec ces baskets signes Adidas.\n\nConues spcialement pour les femmes actives, elles conviennent parfaitement aux randonnes exigeantes comme aux promenades urbaines. Grce  leur membrane GORE-TEX respirante et impermable, vos pieds restent secs et protgs, mme sous la pluie ou dans des conditions humides.\n\nLa matire textile et synthtique, renforce par des overlays robustes, garantit une durabilit exceptionnelle tout en lgret. Le confort est assur par une semelle intermdiaire Lightstrike ractive et une semelle intrieure OrthoLite, offrant un amorti optimal et un soutien prolong lors de chaque sortie.\n\nLa semelle extrieure en caoutchouc Continental procure une adhrence remarquable, adapte aussi bien aux terrains glissants quñaux surfaces sches. Le systme de laage rapide permet un ajustement prcis et pratique, idal pour celles qui recherchent efficacit et scurit. En intgrant au moins 20 % de matriaux recycls, ces baskets incarnent une dmarche responsable sans compromis sur la qualit.\n\nLa couleur lgante Earth Strata / Grey One / Semi Flash Aqua confre une touche de modernit et dñoriginalit  votre tenue.\n\nOptez pour lñexcellence dñAdidas, une marque reconnue mondialement pour son innovation et son savoir-faire, et profitez dñune exprience unique  chaque pas.;160;"""[\""35\"",\""36\"",\""37\"",\""38\"",\""39\"",\""40\"",\""41\"",\""42\"",\""43\"",\""44\"",\""45\"",\""46\"",\""47\""]""";https://cdn.etrias.nl/media/cache/product_thumb_md/a/d/adidas_women_terrex_skychaser_gore_tex_earth_strata_grey_one_semi_flash_aqua_21.jpg;84;Unisexe;['gris']
KVP048;Baskets Adidas Homme Terrex Skychaser Gore-Tex Cardboard;Adidas;Dcouvrez la fusion parfaite entre innovation, performance et style avec cette paire de baskets signe Adidas.\n\nConue pour les hommes actifs et exigeants, elle offre une protection optimale grce  une membrane GORE-TEX impermable, idale pour garder les pieds au sec lors de vos aventures en extrieur. Sa semelle intermdiaire Lightstrike assure un amorti ractif, tandis que la semelle extrieure en caoutchouc Continental garantit une adhrence exceptionnelle sur tous types de surfaces, mme les plus techniques.\n\nLa plaque de stabilit intgre et lñembout prform protgent et soutiennent efficacement le pied sur les terrains accidents. Le dessus en textile et synthtique, renforc par des empicements robustes, promet durabilit et respirabilit. Pour un confort longue dure, la semelle intrieure OrthoLite pouse parfaitement la forme du pied. Le systme de laage permet un ajustement prcis et scuris. Avec son design moderne et ses couleurs Cardboard, Core Black et Legend Ivy, cette basket est idale pour les dplacements rapides, que ce soit sur les sentiers ou en ville. Choisissez la qualit et le savoir-faire Adidas pour vos prochaines aventures.;160;"""[\""38\"",\""39\"",\""40\"",\""41\"",\""42\"",\""43\"",\""44\"",\""45\"",\""46\"",\""47\""]""";https://cdn.etrias.nl/media/cache/product_thumb_md/a/d/adidas_men_terrex_skychaser_gore_tex_cardboard_core_black_legend_ivy_21.jpg;96;Homme;['noir']
KVP049;Baskets Adidas Men Adizero Evo SL Lucid Lemon;Adidas;Dcouvrez lñalliance parfaite entre innovation et style avec ces baskets conues pour les hommes actifs et soucieux de leur performance. Arborant une couleur vive Lucid Lemon associe  des touches Core Black et Matte Silver, ce modle sduit par son design moderne et dynamique.\n\nLa matire suprieure, compose de synthtique et de textile, assure une lgret optimale et un confort durable, tandis que la doublure en textile procure une agrable sensation  chaque pas. Grce  la technologie avance de la semelle intermdiaire LIGHTSTRIKE PRO-foam, chaque foule bnficie dñun retour dñnergie exceptionnel et dñun amorti suprieur, idal pour les entranements intensifs comme pour un usage quotidien.\n\nLa prsence dñun patch avant-pied en Continental Rubber garantit une adhrence ingale, mme sur sol humide ou en conditions hivernales, tandis que le patch arrire en CL Rubber (Clear Rubber) offre une stabilit accrue. Le systme de fermeture  lacets permet un ajustement personnalis pour un maintien parfait du pied. Le clbre design  3 bandes, signature de la marque Adidas, apporte une touche sportive et lgante  lñensemble. Ce modle intgre au moins 20 % de matriaux recycls, sñinscrivant ainsi dans une dmarche coresponsable sans compromis sur la qualit. Reconnue pour son expertise et son innovation depuis 1949, la marque Adidas propose ici une paire de baskets qui allie performance, durabilit et esthtique.\n\nConvient aux hommes  la recherche dñune chaussure polyvalente, aussi performante pour le sport que style pour le quotidien.\n\nOffrez-vous le meilleur de la technologie Adidas et affirmez votre style avec une basket aussi confortable que tendance.;150;"""[\""35\"",\""36\"",\""37\"",\""38\"",\""39\"",\""40\"",\""41\"",\""42\"",\""43\"",\""44\"",\""45\"",\""46\"",\""47\""]""";https://cdn.etrias.nl/media/cache/product_thumb_md/a/d/adidas_men_adizero_evo_sl_lucid_lemon_core_black_matte_silver_6.jpg;151;Unisexe;['noir', 'argent']
KVP050;Baskets Adidas Women Adizero Evo SL Cloud White;Adidas;Dcouvrez une paire de baskets qui allie innovation, lgance et performance, idale pour les femmes  la recherche de confort et de style au quotidien comme lors de leurs activits sportives. Signe par la marque Adidas, cette cration se distingue par son design moderne, inspir des modles emblmatiques de la srie Adizero. Grce  une matire suprieure compose de synthtique et de textile, associe  une doublure textile douce, elle offre une sensation de lgret et un maintien optimal.\n\nLa technologie de semelle intermdiaire LIGHTSTRIKE PRO assure un amorti ractif et un retour dñnergie exceptionnel  chaque foule.\n\nLa semelle extrieure, dote de la technologie Continental Rubber  lñavant-pied et de CL Rubber  lñarrire, garantit une adhrence maximale mme sur les surfaces humides ou hivernales. Avec une fermeture  lacets qui assure un ajustement sr et prcis, ces baskets conviennent parfaitement aux femmes actives qui ne souhaitent pas faire de compromis entre performance et esthtique. De plus, leur conception responsable intgre au moins 20 % de matriaux recycls, pour un choix plus respectueux de lñenvironnement.\n\nOptez pour lñexcellence dñAdidas : un quilibre parfait entre innovation technique, confort ingal et engagement durable.;150;"""[\""35\"",\""36\"",\""37\"",\""38\"",\""39\"",\""40\"",\""41\"",\""42\"",\""43\"",\""44\"",\""45\"",\""46\"",\""47\""]""";https://cdn.etrias.nl/media/cache/product_thumb_md/a/d/adidas_women_adizero_evo_sl_cloud_white_core_black_cloud_white_6.jpg;157;Unisexe;['noir', 'blanc']
KVP051;Baskets Adidas Homme Adizero Evo SL Cloud White;Adidas;Dcouvrez lñalliance parfaite entre innovation, performance et lgance avec ces baskets signes Adidas.\n\nConues pour les hommes exigeants, elles offrent un confort suprieur grce  une matire synthtique et textile de haute qualit, associe  une doublure textile douce.\n\nLa tige en mesh respirant garantit une excellente aration, gardant vos pieds au frais et au sec, mme lors des activits les plus intenses.\n\nLa semelle intermdiaire intgre la technologie Lightstrike Pro, assurant un retour dñnergie optimal  chaque foule, idal pour ceux qui recherchent dynamisme et soutien au quotidien. Pour une adhrence exceptionnelle, la partie avant de la semelle est dote de caoutchouc Continental, reconnu pour sa tenue suprieure sur toutes les surfaces, tandis que lñarrire en Clear Rubber procure une absorption des chocs optimale.\n\nLes emblmatiques 3 bandes dñAdidas ajoutent une touche de style intemporel, tandis que la fermeture  lacets permet un ajustement prcis et personnalis. Avec leur couleur Cloud White / Core Black / Cloud White, ces baskets sñintgrent parfaitement  toutes vos tenues sportives ou casual. Choisissez lñexcellence et la fiabilit dñune marque de rfrence dans le monde du sport et de la mode, et profitez dñune exprience unique  chaque pas.\n\nConvient pour : les hommes.;150;"""[\""38\"",\""39\"",\""40\"",\""41\"",\""42\"",\""43\"",\""44\"",\""45\"",\""46\"",\""47\""]""";https://cdn.etrias.nl/media/cache/product_thumb_md/a/d/adidas_men_adizero_evo_sl_cloud_white_core_black_cloud_white_6.jpg;97;Homme;['noir', 'blanc']
KVP052;Baskets ASICS Unisexe US6-S GEL-KINETIC FLUENT Black;ASICS;Dcouvrez lñalliance parfaite entre innovation, performance et design contemporain avec ces baskets uniques, issues de la collaboration prestigieuse avec le studio Kiko Kostadinov. Inspires par lñunivers du football, elles sduisent par leur mesh bicolore  effet dgrad, apportant une touche visuelle remarquable et une excellente respirabilit.\n\nLa technologie Scutoid GEL avance, associe  lñamorti FF BLAST PLUS, garantit un confort exceptionnel et une absorption des chocs optimale  chaque pas. Le systme de soutien TRUSSTIC assure une stabilit accrue, idale pour un usage quotidien ou des activits dynamiques.\n\nConues  partir de matires synthtiques de haute qualit, dont au moins 20% proviennent de matriaux recycls, ces baskets sont un choix responsable pour les amateurs de mode soucieux de lñenvironnement.\n\nLeur couleur noire et vanille confre une lgance moderne, adapte aussi bien aux hommes quñaux femmes.\n\nOptez pour une chaussure qui incarne lñexcellence japonaise signe ASICS et profitez dñun quilibre parfait entre style, durabilit et bien-tre.;210;"""[\""35\"",\""36\"",\""37\"",\""38\"",\""39\"",\""40\"",\""41\"",\""42\"",\""43\"",\""44\"",\""45\"",\""46\"",\""47\""]""";https://cdn.etrias.nl/media/cache/product_thumb_md/a/s/asics_unisex_us6_s_gel_kinetic_fluent_blackvanilla_6.jpg;162;Unisexe;['noir', 'blanc']
KVP053;Baskets ASICS Unisexe US6-S GEL-KINETIC FLUENT Glacier Grey;ASICS;Dcouvrez lñalliance parfaite entre innovation et lgance sportive avec ces baskets unisexes signes ASICS, conues en collaboration avec le clbre Kiko Kostadinov Studio. Arborant une silhouette inspire des chaussures de football emblmatiques, ce modle sduit par son mesh bicolore unique, subtilement rehauss dñeffets de dgrad, qui apporte une touche contemporaine  votre style.\n\nLa technologie avance Scutoid GEL garantit un amorti exceptionnel  chaque pas, tandis que la mousse FF BLAST PLUS ECO assure un rebond dynamique et ractif, idal pour les amateurs de confort et de performance. Le systme de soutien TRUSSTIC optimise la stabilit du pied, offrant ainsi une scurit accrue lors de vos dplacements quotidiens ou de vos activits sportives. Soucieuse de lñenvironnement, la marque ASICS intgre dans cette cration un minimum de 20 % de matire synthtique recycle, pour un choix coresponsable sans compromis sur la qualit. Avec sa couleur Glacier Grey/Soft Sky raffine, cette paire convient aussi bien aux hommes quñaux femmes en qute de chaussures alliant style, fonctionnalit et conscience cologique.\n\nOptez pour une exprience unique, o la mode et la performance ne font quñun, et laissez-vous sduire par le savoir-faire japonais reconnu dñASICS.;210;"""[\""35\"",\""36\"",\""37\"",\""38\"",\""39\"",\""40\"",\""41\"",\""42\"",\""43\"",\""44\"",\""45\"",\""46\"",\""47\""]""";https://cdn.etrias.nl/media/cache/product_thumb_md/a/s/asics_unisex_us6_s_gel_kinetic_fluent_glacier_greysoft_sky_13.jpg;158;Unisexe;['gris']
KVP054;Baskets ASICS Unisex US6-S GEL-KINETIC FLUENT Cayenne;ASICS;Dcouvrez lñexcellence des baskets signes ASICS, nes dñune collaboration prestigieuse avec le studio Kiko Kostadinov. Cette cration se distingue par son design audacieux, inspir de lñunivers du football, avec une tige en cuir et en synthtique orne dñun mesh bicolore aux finitions dgrades raffines, dans les tons Cayenne/Copperhead.\n\nLa technologie avance Scutoid GEL, associe  lñamorti FF BLAST PLUS, offre un confort exceptionnel et une absorption des chocs optimales, idales pour les activits sportives ou le quotidien. Le systme TRUSSTIC intgr renforce la stabilit, assurant un maintien fiable  chaque pas.\n\nConues pour durer, ces baskets intgrent au moins 20 % de matires synthtiques recycles, affirmant leur engagement envers la durabilit. Polyvalentes et lgantes, elles conviennent aussi bien aux hommes quñaux femmes  la recherche dñune chaussure performante, style et respectueuse de lñenvironnement.\n\nOptez pour la qualit et lñinnovation japonaises, et laissez-vous sduire par un quilibre parfait entre performance, confort et design contemporain.;210;"""[\""35\"",\""36\"",\""37\"",\""38\"",\""39\"",\""40\"",\""41\"",\""42\"",\""43\"",\""44\"",\""45\"",\""46\"",\""47\""]""";https://cdn.etrias.nl/media/cache/product_thumb_md/a/s/asics_unisex_us6_s_gel_kinetic_fluent_cayennecopperhead_6.jpg;165;Unisexe;['rouge']
KVP055;Baskets Adidas Women Samba OG Maroon;Adidas;Dcouvrez lñalliance parfaite entre la tradition et la modernit avec ces baskets signes Adidas, une marque de rfrence dans lñunivers du sport et de la mode. Ce modle pour femmes sduit par une lgante combinaison de couleurs : une teinte marron raffine, subtilement rehausse par des accents off-white et une semelle extrieure gum classique. Fabriques avec un dessus en cuir de haute qualit, ces baskets offrent non seulement un style intemporel, mais aussi une durabilit remarquable.\n\nLa doublure synthtique assure un confort optimal tout au long de la journe, tandis que la semelle extrieure en caoutchouc garantit une excellente adhrence sur toutes les surfaces.\n\nLes dtails emblmatiques tels que les 3-Stripes denteles et le logo Trefoil sur la languette soulignent le caractre authentique de la marque Adidas, synonyme de qualit et dñinnovation depuis 1949.\n\nLa fermeture  lacets permet un ajustement parfait, idal pour un usage quotidien, que ce soit pour une sortie dcontracte ou pour complter une tenue tendance. Initialement conues comme des chaussures dñintrieur, ces baskets incarnent aujourdñhui un incontournable de la garde-robe fminine, apportant une touche rtro chic  chaque look.\n\nConvenant  toutes celles qui recherchent une combinaison de confort, de performance et dñlgance, ce modle est le choix parfait pour affirmer son style avec assurance.;120;"""[\""35\"",\""36\"",\""37\"",\""38\"",\""39\"",\""40\"",\""41\"",\""42\"",\""43\"",\""44\"",\""45\"",\""46\"",\""47\""]""";https://cdn.etrias.nl/media/cache/product_thumb_md/a/d/adidas_women_samba_og_maroon_off_white_gum_6.jpg;162;Unisexe;['noir', 'blanc']
KVP056;Baskets Adidas Unisex Handball Spezial ST Almost Pink;Adidas;Dcouvrez lñalliance parfaite entre le style rtro et la modernit avec cette paire de baskets signe Adidas. Inspire par lñunivers du handball des annes 70, cette cration sduit par son design authentique rehauss de touches contemporaines.\n\nLa matire principale, un sude doux de haute qualit, sñhabille de nuances raffines associant le rose ple, le brun fonc et le rose clair, pour une allure  la fois lgante et sportive. Grce  sa doublure en textile, le confort est optimal tout au long de la journe, tandis que la semelle extrieure en caoutchouc assure une excellente adhrence et une durabilit remarquable sur toutes les surfaces.\n\nLa fermeture  lacets permet un ajustement personnalis, garantissant un maintien parfait  chaque pas. Polyvalente et intemporelle, cette basket convient aussi bien aux hommes quñaux femmes recherchant une chaussure  la fois tendance, confortable et rsistante. Arborant firement les dtails emblmatiques de la marque, elle incarne le savoir-faire et lñinnovation dñAdidas, rfrence incontournable dans lñunivers de la mode et du sport. Idale pour sublimer vos tenues du quotidien, elle rpond aux attentes de ceux qui privilgient la qualit sans compromis sur le style.;110;"""[\""35\"",\""36\"",\""37\"",\""38\"",\""39\"",\""40\"",\""41\"",\""42\"",\""43\"",\""44\"",\""45\"",\""46\"",\""47\""]""";https://cdn.etrias.nl/media/cache/product_thumb_md/a/d/adidas_unisex_handball_spezial_st_almost_pink_dark_brown_clear_pink_6.jpg;146;Unisexe;['marron', 'rose']
KVP057;Baskets Adidas Junior Superstar II Core Black;Adidas;Dcouvrez lñalliance parfaite entre style intemporel et performance moderne avec ces baskets pour juniors signes Adidas.\n\nConues avec un dessus en cuir de haute qualit, elles offrent une allure lgante et une grande durabilit. Lñiconique shell-toe en caoutchouc, symbole de la marque, assure une protection optimale et un look authentique.\n\nLa semelle intrieure moule garantit un confort exceptionnel tout au long de la journe, tandis que la semelle cupsole en caoutchouc avec motif  chevrons procure une excellente adhrence, idale pour les activits dynamiques des plus jeunes.\n\nLes clbres 3 bandes crantes et le logo Trefoil sur le talon tmoignent du savoir-faire et de lñhritage dñAdidas. Grce  son systme de laage, cette paire sñajuste parfaitement au pied pour un maintien sr.\n\nParfaite pour complter toutes les tenues, elle sduira par son mlange de qualit, de confort et de style sportif.\n\nOffrez  votre enfant une basket qui incarne lñexcellence Adidas,  la fois tendance et fonctionnelle, pour lñaccompagner dans toutes ses aventures quotidiennes.;90;"""[\""35\"",\""36\"",\""37\"",\""38\"",\""39\"",\""40\"",\""41\"",\""42\"",\""43\"",\""44\"",\""45\"",\""46\"",\""47\""]""";https://cdn.etrias.nl/media/cache/product_thumb_md/a/d/adidas_junior_superstar_ii_core_black_cloud_white_core_black_6.jpg;147;Unisexe;['noir', 'blanc']
KVP058;Baskets Adidas Women Gazelle Lo Pro Sand Strata;Adidas;Dcouvrez lñlgance intemporelle allie au confort moderne grce  ces baskets signes Adidas.\n\nConues pour les femmes qui recherchent  la fois style et fonctionnalit, elles se distinguent par une couleur Sand Strata subtile, rehausse dñaccents Cloud White et dñune semelle extrieure en gomme raffine.\n\nLa matire synthtique du dessus garantit une grande rsistance, tandis que la doublure textile offre un confort optimal tout au long de la journe.\n\nLa fermeture  lacets assure un ajustement parfait, pousant idalement la forme du pied. Un logo en feuille dñor appos sur le ct apporte une touche de luxe discrte, emblmatique de la marque Adidas. Grce  leur design polyvalent, ces baskets sñintgrent parfaitement  toutes vos tenues, que ce soit pour une journe active ou une sortie en soire.\n\nLa semelle extrieure en caoutchouc robuste assure une excellente adhrence sur toutes les surfaces, ce qui en fait un choix idal pour un usage quotidien.\n\nOffrez-vous le parfait quilibre entre mode, qualit et performance avec cette cration incontournable, pense spcialement pour les femmes exigeantes.;120;"""[\""35\"",\""36\"",\""37\"",\""38\"",\""39\"",\""40\"",\""41\"",\""42\"",\""43\"",\""44\"",\""45\"",\""46\"",\""47\""]""";https://cdn.etrias.nl/media/cache/product_thumb_md/a/d/adidas_women_gazelle_lo_pro_sand_strata_cloud_white_gum_6.jpg;182;Unisexe;['noir', 'blanc']
KVP059;Baskets Adidas Women Gazelle Lo Pro Core Black;Adidas;Dcouvrez lñlgance intemporelle allie au confort moderne avec cette paire de baskets signe Adidas, un choix incontournable pour toutes les femmes soucieuses de leur style.\n\nConue avec un dessus en matire synthtique de haute qualit et une doublure textile douce, cette chaussure garantit un port agrable tout au long de la journe. Sa semelle extrieure en caoutchouc assure une adhrence optimale sur diffrentes surfaces, idale pour un usage quotidien ou pour complter une tenue urbaine.\n\nLes dtails raffins, tels que les surpiqres en forme de T sur lñavant-pied et le logo en dorure discrte sur le ct, apportent une touche sophistique  ce modle emblmatique. Grce  son systme de laage, elle sñadapte parfaitement  la morphologie du pied, offrant ainsi un maintien personnalis. Polyvalente et facile  associer, cette basket sñimpose comme un indispensable du vestiaire fminin, refltant la qualit et le savoir-faire lgendaires de la marque Adidas.\n\nConvient  toutes les femmes  la recherche dñun quilibre parfait entre style, confort et performance.;120;"""[\""35\"",\""36\"",\""37\"",\""38\"",\""39\"",\""40\"",\""41\"",\""42\"",\""43\"",\""44\"",\""45\"",\""46\"",\""47\""]""";https://cdn.etrias.nl/media/cache/product_thumb_md/a/d/adidas_women_gazelle_lo_pro_core_black_cloud_white_gum_6.jpg;132;Unisexe;['noir', 'blanc']
KVP060;Baskets Adidas Women Handball Spezial Silver Violet;Adidas;Dcouvrez lñalliance parfaite entre hritage sportif et lgance contemporaine avec cette paire de baskets signe par la marque Adidas. Inspire des modles emblmatiques des annes 70, cette cration sduit par sa silhouette raffine et son design intemporel.\n\nLa matire principale, un cuir souple de haute qualit, assure un confort exceptionnel tout au long de la journe, tandis que la doublure synthtique offre une sensation agrable au porter.\n\nLes clbres 3-Stripes contrastes et le dtail dor subtil sur le ct ajoutent une touche de sophistication et dñauthenticit.\n\nLa semelle extrieure en caoutchouc garantit une adhrence optimale sur toutes les surfaces, ce qui rend ces baskets idales pour un usage quotidien. Grce  la fermeture  lacets, chaque pied bnficie dñun ajustement personnalis et dñun maintien parfait. Le jeu de couleurs Silver Violet et Cream White confre  cette paire une allure versatile, facile  associer  toutes vos tenues, du casual au plus habill.\n\nConvient aux femmes recherchant un style unique, un confort suprieur et la qualit lgendaire dñAdidas.\n\nAdoptez une pice incontournable,  la croise de la mode et de la performance.;110;"""[\""35\"",\""36\"",\""37\"",\""38\"",\""39\"",\""40\"",\""41\"",\""42\"",\""43\"",\""44\"",\""45\"",\""46\"",\""47\""]""";https://cdn.etrias.nl/media/cache/product_thumb_md/a/d/adidas_women_handball_spezial_silver_violet_cream_white_gum_6.jpg;126;Unisexe;['noir', 'violet', 'argent', 'blanc']
KVP061;Baskets Adidas Men Handball Spezial Grey Two;Adidas;Dcouvrez une paire de baskets qui incarne  la perfection lñalliance entre hritage sportif et lgance contemporaine. Ce modle emblmatique sduit par son design rtro, inspir des archives sportives de la marque Adidas, tout en intgrant des matriaux de haute qualit pour un confort optimal au quotidien.\n\nLa matire en sude offre une allure raffine et une sensation de luxe, tandis que la doublure synthtique assure une agrable respirabilit.\n\nLa semelle extrieure en caoutchouc garantit une adhrence exceptionnelle sur toutes les surfaces, idale pour une utilisation urbaine ou dcontracte.\n\nLes clbres 3-Stripes et le patch contrastant au talon signent un look sportif et reconnaissable entre tous. Grce  la fermeture  lacets, la chaussure pouse parfaitement la forme du pied, offrant ainsi un maintien prcis et scuris.\n\nParfaitement adapte aux hommes  la recherche dñun style unique, cette basket est un choix incontournable pour ceux qui souhaitent allier confort, durabilit et une touche de nostalgie sportive  leur tenue quotidienne.\n\nAdoptez une pice intemporelle et affirmez votre passion pour la mode et la performance avec ce modle sign Adidas.;110;"""[\""35\"",\""36\"",\""37\"",\""38\"",\""39\"",\""40\"",\""41\"",\""42\"",\""43\"",\""44\"",\""45\"",\""46\"",\""47\""]""";https://cdn.etrias.nl/media/cache/product_thumb_md/a/d/adidas_men_handball_spezial_grey_two_pure_teal_gold_metallic_6.jpg;125;Unisexe;['gris', 'menthol', 'or', 'bleu']
KVP062;Baskets Adidas Junior Handball Spezial Ruby Red;Adidas;Dcouvrez lñalliance parfaite entre style rtro et performance moderne avec ces baskets junior signes Adidas. Inspires des designs emblmatiques des annes 70, elles se distinguent par une palette de couleurs audacieuse : Ruby Red, Lucid Pink et Gum, pour un look unique et tendance.\n\nConues  partir dñun mlange de cuir et de matriaux synthtiques, elles offrent une robustesse remarquable tout en affichant une allure sophistique.\n\nLa doublure synthtique assure un confort optimal tout au long de la journe, mme lors des activits les plus dynamiques. Grce  leur fermeture  lacets, ces baskets garantissent un maintien sr, tandis que la semelle cupsole en caoutchouc procure une adhrence fiable sur toutes les surfaces.\n\nParfaites pour accompagner les jeunes dans leur quotidien,  lñcole comme pendant les loisirs, ces baskets incarnent le savoir-faire et lñinnovation qui font la renomme dñAdidas.\n\nOffrez  votre enfant une touche de vintage et de modernit, tout en profitant dñune qualit suprieure et dñun confort ingal. Un choix idal pour les juniors  la recherche de style, de durabilit et de performance.;90;"""[\""35\"",\""36\"",\""37\"",\""38\"",\""39\"",\""40\"",\""41\"",\""42\"",\""43\"",\""44\"",\""45\"",\""46\"",\""47\""]""";https://cdn.etrias.nl/media/cache/product_thumb_md/a/d/adidas_junior_handball_spezial_ruby_red_lucid_pink_gum_11.jpg;169;Unisexe;['rouge', 'noir', 'rose']
KVP063;Baskets Adidas Women Gazelle Indoor Supplier Colour;Adidas;Dcouvrez le parfait quilibre entre style rtro et innovation moderne avec ces baskets signes Adidas.\n\nLa matire suprieure en cuir mtallis confre une touche audacieuse et lgante, tout en assurant une grande rsistance.\n\nLa doublure synthtique et textile garantit un confort optimal tout au long de la journe, tandis que la semelle en caoutchouc durable offre un excellent amorti et une adhrence fiable.\n\nLes clbres 3-Stripes emblmatiques et lñinscription dore sur le ct soulignent le caractre intemporel de ce modle, inspir des designs iconiques des annes 70. Penses  lñorigine pour le sport en salle, ces baskets sñadaptent parfaitement  la vie urbaine actuelle, alliant performance et sophistication.\n\nLa fermeture  lacets permet un ajustement prcis, idal pour les femmes  la recherche dñun maintien parfait. Ce modle sduit par sa polyvalence, s'intgrant aisment  toutes vos tenues, du casual au plus tendance. Choisir cette paire, cñest opter pour la qualit, le confort et lñauthenticit dñune marque de renomme mondiale, reconnue pour son savoir-faire et son engagement envers lñexcellence.\n\nConvient  toutes celles qui souhaitent allier mode, fonctionnalit et hritage sportif.;120;"""[\""35\"",\""36\"",\""37\"",\""38\"",\""39\"",\""40\"",\""41\"",\""42\"",\""43\"",\""44\"",\""45\"",\""46\"",\""47\""]""";https://cdn.etrias.nl/media/cache/product_thumb_md/a/d/adidas_women_gazelle_indoor_supplier_colour_cloud_white_supplier_colour_6.jpg;162;Unisexe;['blanc']
KVP064;Baskets Adidas Women Gazelle Indoor Bliss Lilac;Adidas;Dcouvrez lñalliance parfaite du style rtro et du confort moderne avec ces baskets signes Adidas. Arborant une couleur Bliss Lilac rehausse de dtails noirs contrastants, ce modle sduit par son allure unique et sophistique, idale pour celles qui souhaitent ajouter une touche dñoriginalit  leur garde-robe. Inspires des designs emblmatiques des annes 70, ces baskets associent une matire en cuir mtallis de haute qualit  une doublure synthtique et textile, offrant ainsi un maintien optimal et une sensation de luxe  chaque pas.\n\nLa semelle extrieure en caoutchouc garantit un confort durable, mme lors dñune utilisation quotidienne.\n\nLes fameuses 3-Stripes et lñinscription dore sur le ct soulignent lñauthenticit et lñlgance intemporelle de ce modle. Ce choix sñadresse aux femmes  la recherche de baskets  la fois tendance, fonctionnelles et confortables, parfaites pour sublimer nñimporte quelle tenue.\n\nOptez pour une paire qui incarne lñhritage et lñinnovation dñAdidas, et profitez dñun look sport-chic irrsistible, que ce soit pour vos activits urbaines ou vos moments de dtente.;120;"""[\""35\"",\""36\"",\""37\"",\""38\"",\""39\"",\""40\"",\""41\"",\""42\"",\""43\"",\""44\"",\""45\"",\""46\"",\""47\""]""";https://cdn.etrias.nl/media/cache/product_thumb_md/a/d/adidas_women_gazelle_indoor_bliss_lilac_core_black_supplier_colour_6.jpg;163;Unisexe;['noir', 'violet']
KVP065;Baskets Salomon Unisexe XT-Pathway 2 White;Salomon;Dcouvrez lñalliance parfaite entre innovation technique et style contemporain avec cette paire de baskets signe Salomon. Issue de lñexpertise de la marque franaise, cette chaussure sduit par son design pur et sa robustesse, idale pour les amateurs de looks urbains et dñactivits outdoor. Sa matire en mesh et synthtique offre une respirabilit optimale et une grande lgret, tandis que la doublure en tissu assure un confort ingal tout au long de la journe.\n\nLa semelle extrieure en caoutchouc, dote de la technologie Mud Contagrip et de crampons chevronns, garantit une adhrence maximale sur les terrains les plus exigeants. Le systme Agile Chassis apporte stabilit et amorti, mme lors de longues marches. Grce  la technologie Quicklace, lñajustement est rapide et prcis, avec un rangement astucieux pour les lacets.\n\nLa protection est renforce par un pare-pierres et un mudguard, prservant le pied des chocs et des salets.\n\nLa semelle intrieure OrthoLite assure un maintien durable, une excellente respirabilit et une rsistance accrue.\n\nConvient aux femmes et aux hommes, ce modle est le choix idal pour ceux qui recherchent des baskets performantes, confortables et lgantes, adaptes  un usage quotidien comme aux aventures en plein air.\n\nAdoptez lñexcellence Salomon, o chaque dtail est pens pour votre bien-tre et votre style.;129,95;"""[\""35\"",\""36\"",\""37\"",\""38\"",\""39\"",\""40\"",\""41\"",\""42\"",\""43\"",\""44\"",\""45\"",\""46\"",\""47\""]""";https://cdn.etrias.nl/media/cache/product_thumb_md/s/a/salomon_unisex_xt_pathway_2_white_white_metal_6.jpg;126;Unisexe;['blanc']
KVP066;Baskets Salomon Unisexe XT-Pathway 2 Lunar Rock;Salomon;Dcouvrez lñalliance parfaite entre innovation technique et style urbain avec ces baskets signes par la marque franaise Salomon. Penses pour les amateurs de looks modernes et les passionns dñaventures, elles offrent une performance exceptionnelle grce  leur matire mesh et synthtique, garantissant lgret, respirabilit et robustesse.\n\nLa couleur unique Lunar Rock / Ultramarine / Vanilla apporte une touche contemporaine  toutes vos tenues, tandis que la semelle en caoutchouc, quipe de la technologie Mud Contagrip et de crampons chevronns, assure une adhrence optimale mme sur les terrains les plus exigeants. Le systme Agile Chassis procure stabilit et amorti, idal pour un usage quotidien ou des escapades en plein air. Le mesh anti-salet empche efficacement lñintrusion de gravillons et de sable, et la doublure textile douce promet un confort durable. Faciles  ajuster grce au systme Quicklace, ces baskets sont galement dotes dñun embout protecteur et dñun mudguard pour une scurit accrue.\n\nLa semelle intrieure OrthoLite apporte un soutien suprieur, une grande respirabilit et une durabilit remarquable.\n\nConvient aux femmes et aux hommes, ce modle incarne lñexpertise de Salomon, combinant technicit, confort et esthtique pour rpondre aux exigences des citadins actifs comme des aventuriers.\n\nAdoptez-les pour profiter dñune exprience de marche ingale et dñun design affirm.;129,95;"""[\""35\"",\""36\"",\""37\"",\""38\"",\""39\"",\""40\"",\""41\"",\""42\"",\""43\"",\""44\"",\""45\"",\""46\"",\""47\""]""";https://cdn.etrias.nl/media/cache/product_thumb_md/s/a/salomon_unisex_xt_pathway_2_lunar_rock_ultramarine_vanila_13.jpg;139;Unisexe;['blanc']
KVP067;Baskets Salomon Unisexe XT-Pathway 2 Black;Salomon;Dcouvrez lñalliance parfaite entre la performance, le confort et le style avec cette paire de baskets signe par la marque Salomon.\n\nConue pour rpondre aux exigences des amateurs de randonnes urbaines comme des passionns dñaventure, elle se distingue par sa silhouette moderne et ses matriaux techniques de haute qualit. Sa matire en mesh et en synthtique, associe  une doublure en tissu respirant, offre une sensation de fracheur et un confort optimal, mme lors d'activits prolonges.\n\nLa semelle extrieure en caoutchouc, quipe de la technologie Mud Contagrip et de crampons chevronns, garantit une adhrence exceptionnelle sur tous les types de surfaces, des sentiers accidents aux rues citadines. Le systme Agile Chassis assure la stabilit et lñamorti, tandis que le mesh anti-salet protge efficacement contre lñintrusion de petits dbris. Le systme Quicklace permet un laage rapide et scuris, complt par une poche de rangement pratique. Pour une protection accrue, un pare-pierres et une mudguard latrale protgent les pieds des chocs et des claboussures.\n\nLa technologie SensiFit enveloppe le pied pour un maintien sur mesure, et la semelle intrieure OrthoLite garantit un amorti durable et une excellente respirabilit.\n\nConvient aux femmes et aux hommes, ce modle sduit par son design sobre et sa couleur noire lgante, idale pour sublimer toutes vos tenues.\n\nOptez pour lñexpertise Salomon et profitez dñune exprience de marche ingale, o que vous soyez.;129,95;"""[\""35\"",\""36\"",\""37\"",\""38\"",\""39\"",\""40\"",\""41\"",\""42\"",\""43\"",\""44\"",\""45\"",\""46\"",\""47\""]""";https://cdn.etrias.nl/media/cache/product_thumb_md/s/a/salomon_unisex_xt_pathway_2_black_black_asphalt_11.jpg;167;Unisexe;['noir']
KVP068;Baskets Salomon Unisexe XT-6 GTX White;Salomon;Dcouvrez lñalliance parfaite entre performance technique et esthtique contemporaine avec cette paire de baskets signe Salomon.\n\nConue pour rpondre aux exigences des amateurs de sport et des passionns de mode urbaine, elle se distingue par sa couleur blanche et argente, lgante et facile  assortir. Sa membrane Gore-Tex intgre garantit une impermabilit optimale, gardant vos pieds au sec quelles que soient les conditions mtorologiques.\n\nLa semelle extrieure Mud Contagrip offre une adhrence exceptionnelle sur les terrains les plus exigeants, tandis que lñAgile Chassis System assure stabilit et amorti  chaque pas. Fabrique  partir de matires synthtiques et textiles de haute qualit, elle bnficie dñune grande durabilit grce  ses renforts en TPU et  une protection supplmentaire au niveau des orteils.\n\nLa doublure en textile respirant et la semelle intrieure OrthoLite procurent un confort longue dure, mme lors dñune utilisation intensive. Le systme de laage Quicklace, pratique et rapide, permet un ajustement prcis et scuris, complt par la technologie SensiFit pour un maintien parfait du pied.\n\nConvient aux femmes et aux hommes, ce modle est idal aussi bien pour les aventures en plein air que pour un usage quotidien en ville.\n\nAdoptez lñexpertise de la marque franaise Salomon, reconnue pour son savoir-faire technique et son design innovant, et profitez dñune exprience unique  chaque utilisation.;199,95;"""[\""35\"",\""36\"",\""37\"",\""38\"",\""39\"",\""40\"",\""41\"",\""42\"",\""43\"",\""44\"",\""45\"",\""46\"",\""47\""]""";https://cdn.etrias.nl/media/cache/product_thumb_md/s/a/salomon_unisex_xt_6_gtx_white_ftw_silver_6.jpg;115;Unisexe;['argent', 'blanc']
KVP069;Baskets Salomon Unisexe XT-6 Vanille Ice;Salomon;Dcouvrez une basket innovante qui incarne parfaitement lñalliance entre la performance technique et lñesthtique moderne. Issue de lñexpertise de la marque Salomon, reconnue pour ses quipements de montagne et son influence grandissante dans la mode urbaine, cette paire sduit par son design raffin et ses couleurs fraches : Vanilla Ice, Ballad Blue et Iced Aqua.\n\nConue avec des matires synthtiques de haute qualit et du textile respirant, elle assure un confort optimal mme lors dñune utilisation intensive.\n\nLa doublure en textile offre une sensation de douceur et de lgret, tandis que la semelle extrieure en caoutchouc Mud Contagrip garantit une adhrence exceptionnelle sur les terrains meubles, accidents ou humides. Grce  des technologies avances telles que lñAgile Chassis System et la semelle intermdiaire EnergyCell, cette basket promet stabilit et amorti  chaque pas.\n\nLa structure SensiFit enveloppe le pied pour une tenue ajuste et scurise, tandis que lñEndoFit assure une prcision parfaite du maintien. Le systme de laage rapide Quicklace, complt par une poche de rangement pratique, permet un enfilage facile et un ajustement sur mesure.\n\nLa prsence dñun pare-pierre protge efficacement les orteils lors des aventures en extrieur. Enfin, la semelle intrieure OrthoLite moule offre un amorti suprieur, une excellente respirabilit et une durabilit accrue.\n\nConvient aux femmes et aux hommes  la recherche dñune basket polyvalente, robuste et lgante, idale aussi bien pour les activits outdoor que pour un usage quotidien.\n\nOptez pour ce modle incontournable de Salomon pour allier style, confort et performance, tout en profitant dñune qualit irrprochable et dñun design contemporain.;179,95;"""[\""35\"",\""36\"",\""37\"",\""38\"",\""39\"",\""40\"",\""41\"",\""42\"",\""43\"",\""44\"",\""45\"",\""46\"",\""47\""]""";https://cdn.etrias.nl/media/cache/product_thumb_md/s/a/salomon_unisex_xt_6_vanilla_ice_ballad_blue_iced_aqua_6.jpg;128;Unisexe;['bleu', 'blanc']
KVP070;Baskets Salomon Unisexe XT-6 Black;Salomon;Dcouvrez lñexcellence du savoir-faire franais avec ces baskets signes par une marque emblmatique, reconnue tant pour son hritage dans lñquipement de montagne que pour son influence dans la mode urbaine contemporaine. Idales pour les passionns de streetwear comme pour les amateurs de looks outdoor, ces baskets allient une silhouette robuste  des matriaux techniques de haute qualit.\n\nLa combinaison dñune matire synthtique et textile assure une rsistance  lñusure, tandis que la doublure en tissu garantit une respirabilit optimale et un confort exceptionnel, mme lors dñune utilisation prolonge.\n\nLa semelle extrieure Mud Contagrip offre une adhrence maximale sur les surfaces les plus exigeantes, quñelles soient meubles, humides ou accidentes, faisant de ces baskets le choix parfait pour les activits outdoor ou le quotidien en ville. Le systme Agile Chassis procure stabilit et amorti, soutenu par une semelle intermdiaire EnergyCell qui absorbe efficacement les chocs. Lñempeigne en mesh monocouche pouse parfaitement la forme du pied pour une sensation de proximit et de lgret, tandis que le matriau TPU rsistant protge contre les agressions extrieures. Grce au systme Quicklace et  son rangement pratique, lñajustement est rapide et prcis. LñEndoFit assure un maintien optimal du pied, complt par la technologie SensiFit pour une tenue enveloppante et scurise.\n\nLa prsence dñun embout protecteur renforce la scurit lors des dplacements sur terrains accidents. Enfin, la semelle intrieure moule OrthoLite garantit un amorti suprieur, une respirabilit durable et un confort longue dure.\n\nConvient aux femmes et aux hommes, ce modle sduit par sa polyvalence, sa durabilit et son esthtique moderne, parfait pour celles et ceux qui recherchent performance et style au quotidien.;179,95;"""[\""35\"",\""36\"",\""37\"",\""38\"",\""39\"",\""40\"",\""41\"",\""42\"",\""43\"",\""44\"",\""45\"",\""46\"",\""47\""]""";https://cdn.etrias.nl/media/cache/product_thumb_md/s/a/salomon_unisex_xt_6_black_ftw_silver_warm_apricot_6.jpg;148;Unisexe;['noir', 'argent']
KVP071;Baskets Salomon Unisex ACS + OG White;Salomon;Dcouvrez lñexcellence de la marque Salomon  travers des baskets conues pour rpondre aux exigences des amateurs de style urbain et dñaventures en plein air. Ce modle sduit par son design pur en couleur White / White / Ftw Silver, apportant une touche moderne et lgante  toutes vos tenues. Fabriques  partir de matires techniques telles que le synthtique et le textile, ces baskets allient robustesse et lgret.\n\nLa tige en ripstop durable et le mesh anti-salissures garantissent une rsistance accrue  lñusure, mme lors dñune utilisation intensive.\n\nLa doublure en tissu respirant et la technologie 3D Mesh assurent un confort optimal et une excellente aration tout au long de la journe. Grce  ses proprits dperlantes et  la prsence dñune mudguard protectrice, ce modle vous accompagne dans toutes les conditions climatiques.\n\nLes dtails rflchissants augmentent votre visibilit lors de vos dplacements nocturnes.\n\nLa semelle extrieure en caoutchouc, dote de la technologie Mud Contagrip, offre une adhrence maximale sur des surfaces varies, quñelles soient meubles, accidentes ou humides. Le systme Agile Chassis combin  la semelle intermdiaire EnergyCell procure une stabilit remarquable et un amorti suprieur  chaque pas.\n\nConvient pour les femmes et les hommes, ce modle est idal pour ceux qui recherchent la performance, le style et le confort, que ce soit pour un usage quotidien ou pour explorer de nouveaux horizons.\n\nAdoptez lñexpertise Salomon et profitez dñune exprience unique  chaque sortie.;159,95;"""[\""35\"",\""36\"",\""37\"",\""38\"",\""39\"",\""40\"",\""41\"",\""42\"",\""43\"",\""44\"",\""45\"",\""46\"",\""47\""]""";https://cdn.etrias.nl/media/cache/product_thumb_md/s/a/salomon_unisex_acs_plus_og_white_white_ftw_silver_6.jpg;138;Unisexe;['argent', 'blanc']
KVP072;Baskets Salomon Unisex XT-6 Prune Caspia;Salomon;Dcouvrez lñalliance parfaite entre performance et style avec ces baskets signes Salomon.\n\nConues pour rpondre aux exigences des aventuriers urbains comme des passionns de plein air, elles se distinguent par leur robustesse et leur confort exceptionnel.\n\nLa matire synthtique et textile assure une respirabilit optimale, tandis que la doublure en tissu offre une sensation de douceur et de lgret  chaque pas. Grce  la technologie Mud Contagrip, la semelle extrieure garantit une adhrence maximale sur les surfaces meubles, humides ou accidentes, idale pour toutes les conditions. Le systme Agile Chassis procure stabilit et amorti, complt par une semelle intermdiaire EnergyCell qui absorbe les chocs efficacement. Lñempeigne en mesh monobloc pouse parfaitement le pied pour un ressenti naturel, tandis que les renforts en TPU protgent contre lñusure. Le systme Quicklace permet un laage rapide et scuris, avec une poche de rangement pratique.\n\nLa technologie SensiFit et la doublure EndoFit assurent un maintien prcis et enveloppant, tandis que la semelle intrieure OrthoLite garantit un confort longue dure.\n\nLa prsence dñun pare-pierres protge les orteils lors des aventures les plus intenses. Avec sa couleur Plum Caspia / Black lgante et moderne, ce modle convient aux femmes et aux hommes  la recherche dñune basket polyvalente, durable et au design contemporain.\n\nParfaite pour explorer la ville ou les sentiers, elle sduira celles et ceux qui ne veulent faire aucun compromis entre fonctionnalit et esthtique.;179,95;"""[\""35\"",\""36\"",\""37\"",\""38\"",\""39\"",\""40\"",\""41\"",\""42\"",\""43\"",\""44\"",\""45\"",\""46\"",\""47\""]""";https://cdn.etrias.nl/media/cache/product_thumb_md/s/a/salomon_unisex_xt_6_plum_caspia_black_6.jpg;140;Unisexe;['noir']
KVP073;Baskets Salomon Unisexe XT-6 Ice Flow;Salomon;Dcouvrez lñexcellence du savoir-faire franais avec ces baskets signes Salomon, alliant parfaitement innovation technique, confort et style contemporain.\n\nConues  partir de matires synthtiques et textiles de haute qualit, elles offrent une lgret remarquable tout en garantissant une grande durabilit.\n\nLeur semelle extrieure en Mud Contagrip assure une adhrence optimale sur les surfaces les plus exigeantes, quñil sñagisse de terrains urbains ou de sentiers accidents. Grce  la technologie Agile Chassis System combine  la semelle intermdiaire EnergyCell, chaque pas bnficie dñune stabilit suprieure et dñun amorti exceptionnel.\n\nLa maille simple couche pouse le pied pour une sensation de proximit et de confort, tandis que la doublure textile assure une respirabilit accrue. Le systme de laage Quicklace permet un ajustement rapide et prcis, complt par une pochette de rangement pratique.\n\nLa protection  lñavant du pied et la robustesse du TPU renforcent la rsistance  lñusure, tandis que la semelle intrieure moule OrthoLite garantit un confort durable et une excellente gestion de lñhumidit.\n\nParfaites pour les amateurs de looks urbains et les passionns dñaventure, ces baskets incarnent lñesprit innovant de Salomon et sñadressent aussi bien aux femmes quñaux hommes  la recherche de performance, de style et de fiabilit au quotidien.;179,95;"""[\""35\"",\""36\"",\""37\"",\""38\"",\""39\"",\""40\"",\""41\"",\""42\"",\""43\"",\""44\"",\""45\"",\""46\"",\""47\""]""";https://cdn.etrias.nl/media/cache/product_thumb_md/s/a/salomon_unisex_xt_6_ice_flow_orchid_bouquet_liberty_6.jpg;140;Unisexe;['rose', 'blanc']
KVP074;Baskets Salomon Women Speedcross 3 Expanse Wind Chime;Salomon;Dcouvrez une basket alliant performance technique et lgance moderne, conue pour rpondre aux exigences des femmes actives. Ce modle, sign par la marque Salomon, sduit par sa silhouette robuste et son design raffin, parfait pour affronter aussi bien les sentiers accidents que les rues urbaines. Grce  sa semelle extrieure Mud Contagrip, vous bnficiez dñune adhrence optimale sur les surfaces les plus instables, tandis que la mousse intermdiaire lgre offre un amorti confortable  chaque foule.\n\nLa matire textile et le cuir assurent durabilit et rsistance  lñusure, alors que la doublure en tissu garantit une excellente respirabilit.\n\nLa construction  une seule couche de mesh procure un contact direct avec le pied pour un maintien prcis, renforc par la technologie SensiFit qui enveloppe parfaitement le pied.\n\nLes dtails rflchissants augmentent la visibilit lors de vos sorties nocturnes, et la protection  lñavant du pied ainsi que la mudguard latrale protgent efficacement contre les chocs et la boue. Lñassise plantaire OrthoLite moule assure un confort suprieur et une gestion optimale de lñhumidit. Enfin, le systme de laage traditionnel permet un ajustement personnalis et scuris.\n\nConvient aux femmes recherchant une basket fiable, confortable et style, idale pour lñaventure comme pour le quotidien.;159,95;"""[\""35\"",\""36\"",\""37\"",\""38\"",\""39\"",\""40\"",\""41\"",\""42\"",\""43\"",\""44\"",\""45\"",\""46\"",\""47\""]""";https://cdn.etrias.nl/media/cache/product_thumb_md/s/a/salomon_women_speedcross_3_expanse_wind_chime_flint_gray_6.jpg;154;Unisexe;['gris', 'bleu']
KVP075;Baskets Salomon Men ACS+ OG Green Milieu;Salomon;Dcouvrez lñalliance parfaite entre innovation technique et design contemporain avec ces baskets pour hommes de la marque Salomon.\n\nConues pour rpondre aux besoins des amateurs de plein air et des passionns de streetwear, elles sduisent par leur silhouette robuste et leur confort exceptionnel. Fabriques  partir de matires synthtiques et de textiles de haute qualit, ces baskets intgrent une toile ripstop durable et un mesh rsistant  la salet, garantissant une protection optimale contre les lments. Grce  leur doublure en tissu respirant et  la technologie 3D Mesh, elles offrent une sensation de fracheur et de douceur, mme lors dñune utilisation prolonge.\n\nLa semelle extrieure en caoutchouc, dote de la technologie Mud Contagrip, assure une adhrence maximale sur les surfaces les plus exigeantes, quñelles soient boueuses, accidentes ou ingales.\n\nLes dtails rflchissants augmentent la visibilit lors de vos dplacements nocturnes, tandis que le systme Agile Chassis combin  la semelle intermdiaire EnergyCell procure stabilit et amorti  chaque pas.\n\nLa prsence dñun mudguard protecteur et dñun coussin mdial vient renforcer la durabilit et le confort du modle.\n\nParfaitement adaptes aux hommes recherchant performance, style et fiabilit, ces baskets constituent un choix incontournable pour affronter la ville comme la nature, tout en affirmant une allure moderne et lgante.;159,95;"""[\""35\"",\""36\"",\""37\"",\""38\"",\""39\"",\""40\"",\""41\"",\""42\"",\""43\"",\""44\"",\""45\"",\""46\"",\""47\""]""";https://cdn.etrias.nl/media/cache/product_thumb_md/s/a/salomon_men_acsplus_og_green_milieu_agave_green_liberty_6.jpg;128;Unisexe;['vert']
KVP076;Baskets Salomon Unisexe XT-6 GTX Black;Salomon;Dcouvrez une paire de baskets conue pour les amateurs dñaventure, alliant innovation technique et esthtique moderne. Issue du savoir-faire de la marque Salomon, cette chaussure se distingue par sa robustesse et son confort exceptionnel. Grce  une membrane Gore-Tex impermable, vos pieds restent au sec mme lors de randonnes sous la pluie ou sur des terrains boueux.\n\nLa semelle extrieure Mud Contagrip garantit une adhrence optimale sur les surfaces les plus exigeantes, tandis que le systme Agile Chassis offre stabilit et amorti  chaque pas.\n\nLa matire synthtique et textile, associe  une doublure en tissu respirant, assure une sensation de lgret et de fracheur tout au long de la journe. Le systme de laage rapide Quicklace, complt par une poche de rangement, permet un ajustement prcis et scuris en un clin dñÏil. Dote dñun embout protecteur et de matriaux rsistants  lñusure, cette paire est idale pour affronter tous les dfis extrieurs.\n\nLa technologie OrthoLite garantit un confort durable, tandis que le design sobre en noir et argent sñadapte aussi bien aux looks urbains quñaux tenues outdoor.\n\nConvient aux femmes et aux hommes, cñest le choix parfait pour ceux qui recherchent performance, style et durabilit dans une seule basket.;199,95;"""[\""35\"",\""36\"",\""37\"",\""38\"",\""39\"",\""40\"",\""41\"",\""42\"",\""43\"",\""44\"",\""45\"",\""46\"",\""47\""]""";https://cdn.etrias.nl/media/cache/product_thumb_md/s/a/salomon_unisex_xt_6_gtx_black_ftw_silver_6.jpg;160;Unisexe;['noir', 'argent']
KVP077;Baskets Salomon Unisexe ACS+ OG Vanille Ice;Salomon;Dcouvrez lñalliance parfaite entre la performance technique et le style urbain avec ces baskets signes par la marque franaise Salomon.\n\nConues pour rpondre aux exigences des passionns dñoutdoor comme des amateurs de mode urbaine, elles se distinguent par leur silhouette moderne et leur robustesse. Fabriques  partir de matires synthtiques et textiles de haute qualit, avec une doublure en tissu doux et respirant, elles garantissent un confort exceptionnel mme lors de longues journes actives.\n\nLa tige en ripstop durable et le mesh anti-salissures offrent une rsistance accrue  lñusure et protgent efficacement contre les lments extrieurs. Grce  la technologie Mud Contagrip, la semelle en caoutchouc assure une adhrence optimale sur tous types de surfaces, quñelles soient meubles, accidentes ou humides. Le systme Agile Chassis combin  la semelle intermdiaire EnergyCell procure une stabilit remarquable et un amorti suprieur, idal pour affronter tous les terrains en toute confiance.\n\nLes dtails rflchissants ajoutent une touche de scurit supplmentaire pour vos dplacements nocturnes.\n\nParfaitement adaptes aux femmes et aux hommes, ces baskets incarnent lñexcellence de Salomon, alliant innovation, confort et esthtique contemporaine.\n\nOffrez-vous un modle incontournable pour accompagner toutes vos aventures urbaines et en plein air.;159,95;"""[\""35\"",\""36\"",\""37\"",\""38\"",\""39\"",\""40\"",\""41\"",\""42\"",\""43\"",\""44\"",\""45\"",\""46\"",\""47\""]""";https://cdn.etrias.nl/media/cache/product_thumb_md/s/a/salomon_unisex_acsplus_og_vanilla_ice_salmo_6.jpg;139;Unisexe;['blanc']
KVP078;Baskets Salomon Unisexe XT-6 Black;Salomon;Dcouvrez lñalliance parfaite entre la performance technique et le style urbain avec ces baskets signes par la marque franaise de rfrence, reconnue tant pour son hritage en montagne que pour son influence dans la mode contemporaine.\n\nConues pour offrir une stabilit optimale et une adhrence maximale grce  une semelle extrieure Mud Contagrip, elles garantissent une tenue exemplaire sur les terrains les plus exigeants, quñil sñagisse de sentiers accidents ou de rues citadines.\n\nLeur matire synthtique et textile assure une grande durabilit tout en restant lgre et respirante, idale pour un usage intensif au quotidien. Grce au systme Agile Chassis combin  la technologie EnergyCell, chaque foule bnficie dñun amorti suprieur et dñune excellente absorption des chocs. Le mesh monocouche pouse parfaitement la forme du pied, tandis que la doublure textile procure un confort doux et ar.\n\nLes dtails techniques, tels que le systme Quicklace avec pochette de rangement, la protection renforce  lñavant-pied et la technologie SensiFit, garantissent un ajustement prcis et scuris.\n\nLa semelle intrieure moule OrthoLite complte lñensemble en apportant un soutien longue dure et une sensation de fracheur.\n\nConvient pour les femmes et les hommes, ce modle sduit par sa polyvalence et son design moderne, parfait pour les passionns de streetwear ou dñaventure outdoor  la recherche de baskets robustes, fonctionnelles et lgantes.;179,95;"""[\""35\"",\""36\"",\""37\"",\""38\"",\""39\"",\""40\"",\""41\"",\""42\"",\""43\"",\""44\"",\""45\"",\""46\"",\""47\""]""";https://cdn.etrias.nl/media/cache/product_thumb_md/s/a/salomon_unisex_xt_6_black_black_phantom_6.jpg;151;Unisexe;['noir']
KVP079;Baskets Salomon Unisexe ACS + CSWP Black;Salomon;Dcouvrez lñexcellence de la chaussure technique allie  lñlgance urbaine grce  cette paire de baskets signe par une marque franaise emblmatique.\n\nConues pour rpondre aux exigences des amateurs de style et dñaventure, ces baskets sduisent par leur silhouette robuste et leur design moderne, rehausss par une combinaison raffine de couleurs noire, grise et dore. Fabrique  partir de matires synthtiques et textiles de haute qualit, elle intgre une doublure en tissu douce et respirante, assurant un confort optimal  chaque pas, mme lors de longues marches.\n\nLa structure en ripstop durable offre une rsistance accrue  lñusure, tandis que le traitement dperlant protge efficacement contre lñhumidit.\n\nLes dtails rflchissants augmentent la visibilit lors des sorties nocturnes, et le mesh anti-salissures garde la chaussure propre plus longtemps. Pour les terrains accidents, la technologie Mud Contagrip garantit une adhrence exceptionnelle sur les surfaces meubles et irrgulires, tandis que le systme Agile Chassis associ  la semelle intermdiaire EnergyCell absorbe les chocs et apporte stabilit et amorti. Une mudguard protectrice et un coussin mdial renforcent la scurit du pied, rendant cette basket idale pour les environnements urbains comme pour les escapades en pleine nature.\n\nConvient aussi bien aux femmes quñaux hommes, ce modle sñadresse  ceux qui recherchent une alliance parfaite entre fonctionnalit, innovation et style contemporain.\n\nOffrez-vous le meilleur du savoir-faire Salomon et affirmez votre personnalit avec une paire qui allie performance, confort et modernit.;179,95;"""[\""35\"",\""36\"",\""37\"",\""38\"",\""39\"",\""40\"",\""41\"",\""42\"",\""43\"",\""44\"",\""45\"",\""46\"",\""47\""]""";https://cdn.etrias.nl/media/cache/product_thumb_md/s/a/salomon_unisex_acs_plus_cswp_black_magnet_golden_6.jpg;113;Unisexe;['noir', 'or']
KVP080;Baskets Salomon Unisex XT-6 Expanse Cottage Core Vanila;Salomon;Dcouvrez lñalliance parfaite entre performance technique et esthtique contemporaine avec ces baskets signes Salomon. Forte de son hritage dans lñquipement de montagne, la marque franaise propose ici un modle qui sduit tant par sa silhouette moderne que par ses matriaux innovants.\n\nLa combinaison de matires synthtiques et textiles assure une respirabilit optimale et une grande durabilit, idale pour les journes actives.\n\nLa doublure en tissu offre un confort exceptionnel, tandis que la semelle extrieure Mud Contagrip garantit une adhrence maximale, mme sur les terrains les plus exigeants. Grce au systme Agile Chassis associ  la semelle intermdiaire EnergyCell, vous bnficiez dñune stabilit accrue et dñun amorti suprieur  chaque pas. Le systme de laage rapide Quicklace, complt par un rangement pratique, facilite lñajustement et assure un maintien prcis grce  la technologie SensiFit.\n\nLa prsence dñun embout protecteur et de renforts en TPU renforce la rsistance  lñusure et protge efficacement vos pieds.\n\nLa semelle intrieure OrthoLite moule offre un confort durable et un excellent soutien. Polyvalentes et lgantes, ces baskets conviennent aussi bien aux femmes qu'aux hommes  la recherche d'un modle fiable, performant et styl pour accompagner toutes leurs aventures urbaines ou en plein air.;179,95;"""[\""35\"",\""36\"",\""37\"",\""38\"",\""39\"",\""40\"",\""41\"",\""42\"",\""43\"",\""44\"",\""45\"",\""46\"",\""47\""]""";https://cdn.etrias.nl/media/cache/product_thumb_md/s/a/salomon_unisex_xt_6_expanse_cottage_core_vanilad_6.jpg;116;Unisexe;['blanc']
KVP081;Baskets Salomon Unisexe XT-6 White;Salomon;Dcouvrez lñexcellence technique allie  un design contemporain avec cette paire de baskets signe par la marque Salomon. Rpute pour son savoir-faire issu des montagnes, Salomon propose ici un modle qui sduit autant les amateurs de streetwear que les passionns dñactivits outdoor. Grce  une matire synthtique et textile soigneusement slectionne, cette chaussure offre une durabilit remarquable tout en restant lgre et respirante. Sa semelle extrieure en caoutchouc, dote de la technologie Mud Contagrip, assure une adhrence optimale sur les surfaces les plus exigeantes, quñelles soient meubles, humides ou accidentes. Le systme Agile Chassis garantit stabilit et amorti, tandis que la semelle intermdiaire EnergyCell absorbe efficacement les chocs pour un confort ingal  chaque pas. Lñintrieur, avec sa doublure en tissu et sa semelle OrthoLite moule, enveloppe le pied dñune douceur et dñune fracheur apprciables, mme lors dñune utilisation prolonge.\n\nLes technologies EndoFit et SensiFit offrent un maintien prcis et scuris, tandis que le systme Quicklace permet un laage rapide et un ajustement parfait.\n\nLa prsence dñun pare-pierres  lñavant protge les orteils lors des aventures urbaines ou en pleine nature. Son design pur, dans la couleur lgante White / White / Lunar Rock, sñaccorde aisment  tous les styles, pour une allure moderne et intemporelle.\n\nConvenant aussi bien aux femmes quñaux hommes, ce modle est le choix idal pour celles et ceux qui recherchent la performance, le confort et le style dans une seule paire de baskets.;179,95;"""[\""35\"",\""36\"",\""37\"",\""38\"",\""39\"",\""40\"",\""41\"",\""42\"",\""43\"",\""44\"",\""45\"",\""46\"",\""47\""]""";https://cdn.etrias.nl/media/cache/product_thumb_md/s/a/salomon_unisex_xt_6_white_white_lunar_rock_6.jpg;146;Unisexe;['blanc']
KVP082;Baskets ASICS Unisexe JOG 100S Black;ASICS;Dcouvrez le confort de port ultime et un look sportif avec cette sneaker haut de gamme dñASICS.\n\nLa silhouette revisite est dote de matriaux et technologies modernes, dont une semelle intermdiaire en mousse EVA lgre offrant un excellent amorti et une semelle intrieure ORTHOLITE garantissant un confort durable.\n\nLes empicements en mesh respirant assurent une ventilation optimale pendant les activits quotidiennes. Grce  sa conception durable et sa semelle extrieure en caoutchouc robuste, cette sneaker est parfaite pour un usage intensif. Inspir des chaussures de course classiques issues des archives dñASICS, ce modle associe style intemporel et fonctionnalit contemporaine. Idal pour ceux qui attachent de lñimportance  la qualit, au confort et  un look tendance;99,95;"""[\""35\"",\""36\"",\""37\"",\""38\"",\""39\"",\""40\"",\""41\"",\""42\"",\""43\"",\""44\"",\""45\"",\""46\"",\""47\""]""";https://cdn.etrias.nl/media/cache/product_thumb_md/a/s/asics_unisex_jog_100s_black_pure_silver_6.jpg;165;Unisexe;['noir', 'argent']
KVP083;Baskets ASICS Women GEL-CUMULUS 16 SSCB Ivory;ASICS;Ces baskets lgantes reprsentent une fusion unique entre lñinnovation sportive et la mode raffine.\n\nLa tige en mesh fleuri avec des accents semi-transparents et un fermoir de lacets en forme de fleur saisissant offrent un look contemporain inspir des annes 2010. Grce  la technologie FLUIDRIDE intgre et  lñamorti GEL  lñavant comme  lñarrire du pied, ce modle assure un confort exceptionnel et une absorption optimale des chocs. Le systme de soutien TRUSSTIC contribue  une stabilit accrue, faisant de cette sneaker un choix idal pour un usage quotidien. Sa palette de couleurs ivoire/noir en fait un incontournable pour ceux qui apprcient la fonctionnalit et lñlgance tendance;175;"""[\""35\"",\""36\"",\""37\"",\""38\"",\""39\"",\""40\"",\""41\"",\""42\"",\""43\"",\""44\"",\""45\"",\""46\"",\""47\""]""";https://cdn.etrias.nl/media/cache/product_thumb_md/2/3/23210021-1203a762750srrtglb.png;147;Unisexe;['noir', 'blanc']
KVP084;Baskets ASICS Women GEL-CUMULUS 16 SSCB Black;ASICS;La Signature Series est un programme de collaboration unique qui offre aux visionnaires du design la possibilit dñappliquer leur style distinctif  des modles saisonniers cls, enrichissant ainsi les histoires produits et renforant le langage du design  travers leur perspective unique. Dans le cadre de notre tout premier partenariat Signature Series, nous accueillons Cecilie Bahnsen, qui a insuffl sa signature stylistique  la sneaker GEL-CUMULUS 16. Elle souhaitait mettre en avant le contraste entre fminit et masculinit en utilisant des matriaux doux et transparents ainsi que des motifs floraux dlicats sur des chaussures par ailleurs masculines. Cela sñest traduit par lñutilisation de surfaces contrastes brillantes et mates, de duret et de douceur, de lumire et dñombre. De plus, ce modle Signature Series sñaccompagne dñun message personnel Ç Sound Mind, Sound Body È du partenaire. Celui de Cecilie, Ç All Day, Every Day È, reflte sa philosophie Everyday Couture, o elle associe baskets et robes dans la mode quotidienne;175;"""[\""35\"",\""36\"",\""37\"",\""38\"",\""39\"",\""40\"",\""41\"",\""42\"",\""43\"",\""44\"",\""45\"",\""46\"",\""47\""]""";https://cdn.etrias.nl/media/cache/product_thumb_md/2/3/23209991-1203a762001srrtglbno-bg.png;128;Unisexe;['noir']
KVP085;Baskets Adidas Unisexe Gazelle Sala Team Bleu Royal;Adidas;Dcouvrez lñalliance parfaite entre style intemporel et performance moderne avec cette paire de baskets signe Adidas.\n\nConue pour offrir un confort optimal au quotidien, cette chaussure sduit par sa silhouette inspire des modles dñentranement des annes 80, tout en intgrant des lments contemporains. Sa tige associe habilement le cuir et le textile, assurant  la fois rsistance et respirabilit, tandis que la doublure synthtique et textile enveloppe le pied de douceur.\n\nLa semelle extrieure en caoutchouc garantit une excellente adhrence et une durabilit remarquable, adapte  tous vos dplacements urbains.\n\nLa palette de couleurs Team Royal Blue, Lucid Pink et Cloud White confre  cette basket une allure dynamique et raffine, idale pour rehausser toutes vos tenues.\n\nLes clbres 3-Stripes sur le ct et le logo Trefoil sur la languette, le talon et la semelle soulignent lñhritage unique de la marque Adidas, tandis que le marquage dor ajoute une touche dñlgance discrte. Grce  son systme de laage, la chaussure offre un ajustement prcis et sr, convenant aussi bien aux hommes quñaux femmes.\n\nAdoptez un classique revisit, symbole dñauthenticit et de tendance, qui saura sduire les amateurs de mode urbaine et de sport. Ce modle est un choix incontournable pour ceux qui recherchent une basket polyvalente, confortable et emblmatique, signe par lñune des marques de sport les plus rputes au monde.;120;"""[\""35\"",\""36\"",\""37\"",\""38\"",\""39\"",\""40\"",\""41\"",\""42\"",\""43\"",\""44\"",\""45\"",\""46\"",\""47\""]""";https://cdn.etrias.nl/media/cache/product_thumb_md/a/d/adidas-unisex-gazelle-sala-team-royal-blue-lucid-pink-cloud-white-jr3838.jpg;117;Unisexe;['rose', 'bleu', 'blanc']
KVP086;Baskets Adidas Femme Sambae Off White;Adidas;Dcouvrez lñlgance intemporelle allie  une touche moderne avec cette paire de baskets signe Adidas.\n\nConue pour les femmes qui recherchent  la fois style et qualit, cette cration sduit par son dessus en cuir premium, sublim par un empicement en sude sur lñavant-pied et un logo dor distinctif sur le ct.\n\nLes clbres 3 bandes et les dtails colors raffins apportent une note contemporaine, idale pour sublimer toutes vos tenues. Grce  sa doublure synthtique douce et  son systme de laage ajustable, le confort est assur tout au long de la journe.\n\nLa semelle extrieure en caoutchouc garantit une adhrence exceptionnelle sur toutes les surfaces, faisant de ce modle un choix parfait pour un usage quotidien. Inspire dñun design iconique, cette basket incarne lñhritage sportif dñAdidas tout en rpondant aux exigences de la mode actuelle.\n\nOptez pour une allure sophistique et dynamique, et affirmez votre personnalit avec ce modle incontournable qui sñintgre harmonieusement  toutes les garde-robes fminines.;120;"""[\""35\"",\""36\"",\""37\"",\""38\"",\""39\"",\""40\"",\""41\"",\""42\""]""";https://cdn.etrias.nl/media/cache/product_thumb_md/a/d/adidas-women-sambae-off-white-cloud-white-clear-mint-js3953.jpg;83;Femme;['vert', 'menthol', 'blanc']
KVP087;Baskets Adidas Homme Handball Top RM Crystal White;Adidas;Dcouvrez lñalliance parfaite entre style rtro et modernit avec ces baskets signes Adidas, idales pour les hommes  la recherche dñoriginalit et de performance. Inspires des chaussures de handball classiques, elles sduisent par leur design emblmatique rehauss dñaccents contemporains.\n\nLa matire suprieure, compose de cuir et de textile, garantit une allure haut de gamme et une excellente durabilit, tandis que la doublure textile offre un confort optimal tout au long de la journe.\n\nLes clbres 3-Stripes rouges et le logo Trefoil sur la languette et le talon apportent une touche iconique et facilement reconnaissable, symbole de la marque Adidas.\n\nLa semelle extrieure en caoutchouc assure une adhrence remarquable sur toutes les surfaces, que ce soit en ville ou lors de vos activits sportives. Grce  la fermeture  lacets, vous bnficiez dñun maintien sr et personnalis. Ces baskets sont le choix idal pour les amateurs de mode sportive souhaitant combiner qualit, confort et authenticit dans leur quotidien.\n\nAdoptez un look intemporel et dynamique avec ce modle incontournable, conu pour rpondre aux exigences des hommes modernes.;120;"""[\""38\"",\""39\"",\""40\"",\""41\"",\""42\"",\""43\"",\""44\"",\""45\"",\""46\"",\""47\""]""";https://cdn.etrias.nl/media/cache/product_thumb_md/a/d/adidas-men-handball-top-rm-crystal-white-victory-blue-solar-red-jr8369.jpg;82;Homme;['rouge', 'bleu', 'blanc']
KVP088;Baskets ASICS Men GEL-QUANTUM 360 I Habanero;ASICS;Dcouvrez lñalliance parfaite entre performance et style avec ces baskets signes ASICS, proposes dans une couleur Habanero/Aquarium audacieuse.\n\nConues pour les hommes exigeants, elles intgrent une technologie de GEL  360 degrs, garantissant une absorption optimale des chocs et un confort exceptionnel  chaque foule. Le dessus en mesh jacquard respirant, combin  des matriaux synthtiques de haute qualit, assure une excellente ventilation et un maintien durable.\n\nLa prsence dñun contrefort externe au talon renforce la stabilit, offrant ainsi une scurit supplmentaire lors de chaque mouvement. Grce  lñamorti FF BLAST PLUS, vos pieds bnficient dñune douceur et dñune ractivit incomparables, idales pour les activits quotidiennes comme pour les entranements intensifs.\n\nOptez pour un modle qui incarne lñexcellence japonaise et le savoir-faire dñune marque de rfrence, alliant fonctionnalit et esthtique moderne. Ces baskets sont le choix incontournable pour ceux qui recherchent la qualit, le confort et un design contemporain.;180;"""[\""35\"",\""36\"",\""37\"",\""38\"",\""39\"",\""40\"",\""41\"",\""42\"",\""43\"",\""44\"",\""45\"",\""46\"",\""47\""]""";https://cdn.etrias.nl/media/cache/product_thumb_md/a/s/asics_men_gel_quantum_360_i_habaneroaquarium_6.jpg;132;Unisexe;['rouge', 'orange', 'bleu']
KVP089;Baskets ASICS Unisexe GEL-NIMBUS 10.1 Cream;ASICS;Dcouvrez lñalliance parfaite entre lñinnovation et le style avec ces baskets signes ASICS.\n\nConues pour offrir un confort exceptionnel au quotidien, elles se distinguent par un dessus en mesh respirant et en cuir synthtique, garantissant une ventilation optimale et un maintien suprieur. Lñapplication de mesh ouverte caractristique assure une fracheur continue, tandis que la semelle intermdiaire  double couche dñEVA absorbe efficacement les chocs pour un amorti durable. Grce  la technologie GEL intgre  lñavant et  lñarrire du pied, chaque pas bnficie dñun soutien et dñune souplesse incomparables. Le systme TRUSSTIC dans la semelle intermdiaire apporte stabilit et soutien avancs, idal pour ceux qui recherchent la performance sans compromis sur lñlgance. Inspir par la structure naturelle du pied, le design asymtrique pouse parfaitement la forme, offrant ainsi une exprience de marche unique.\n\nConvient pour tous, ce modle unisexe sduit par sa couleur Cream/Grove tendance et sñimpose comme le choix incontournable pour les amateurs de mode sportive et de qualit suprieure.\n\nOptez pour un quilibre parfait entre fonctionnalit et allure, et laissez-vous sduire par le savoir-faire japonais dñune marque de rfrence.;170;"""[\""35\"",\""36\"",\""37\"",\""38\"",\""39\"",\""40\"",\""41\"",\""42\"",\""43\"",\""44\"",\""45\"",\""46\"",\""47\""]""";https://cdn.etrias.nl/media/cache/product_thumb_md/a/s/asics-unisex-gel-nimbus-101-cream-grove-1203a761-101.jpg;113;Unisexe;['blanc']
KVP090;Baskets ASICS Unisexe GEL-NIMBUS 10.1 White;ASICS;Dcouvrez une exprience de marche et de course ingale grce  ces baskets de la marque ASICS. Alliant lgance intemporelle et technologies de pointe, elles sduisent par leur design moderne en mesh et synthtique, assurant une excellente ventilation et un maintien optimal du pied.\n\nLa double couche de mousse EVA dans la semelle intermdiaire, associe  des inserts de GEL  lñavant et  lñarrire, offre une absorption des chocs exceptionnelle, idale pour protger vos articulations  chaque pas. Le systme TRUSSTIC intgr garantit une stabilit accrue et un soutien renforc, ce qui rend ces chaussures parfaites aussi bien pour les activits sportives que pour un usage quotidien.\n\nLes dtails rflchissants augmentent la visibilit lors de conditions de faible luminosit, assurant ainsi votre scurit.\n\nConues en sñinspirant de la structure naturelle du pied, elles promettent un confort durable et une adaptation parfaite  chaque morphologie.\n\nConvenant  tous, ces baskets incarnent le savoir-faire japonais dñASICS, o performance, durabilit et style se rencontrent pour rpondre aux attentes des amateurs de sport et de mode.\n\nOptez pour lñexcellence et profitez dñun quilibre parfait entre fonctionnalit et esthtique.;170;"""[\""35\"",\""36\"",\""37\"",\""38\"",\""39\"",\""40\"",\""41\"",\""42\"",\""43\"",\""44\"",\""45\"",\""46\"",\""47\""]""";https://cdn.etrias.nl/media/cache/product_thumb_md/a/s/asics-unisex-gel-nimbus-101-white-pure-silver-1203a761-100.jpg;115;Unisexe;['argent', 'blanc']
KVP091;Baskets ASICS Unisexe GEL-NYC 2055 Glacier Grey;ASICS;Dcouvrez lñalliance parfaite entre le style contemporain et le confort exceptionnel avec ces baskets signes ASICS. Inspires des modles iconiques de course des annes 2000, elles incarnent lñhritage sportif de la marque tout en rpondant aux exigences du quotidien moderne. Le dessus en mesh respirant et synthtique assure une sensation de lgret et une excellente aration, tandis que la semelle intermdiaire intgre une mousse lgre associe  la technologie GEL pour une absorption optimale des chocs  chaque pas. Grce  la GEL-CUMULUS 16, le confort est renforc  lñavant et  lñarrire du pied, ce qui en fait un choix idal pour une utilisation quotidienne.\n\nLa couleur lgante Glacier Grey/Cream sñaccorde facilement avec toutes vos tenues, ajoutant une touche sophistique  votre look.\n\nConvient  tous, ce modle unisexe sduit par sa polyvalence et sa fiabilit, faisant de ces baskets un indispensable pour ceux qui recherchent la qualit, le design intemporel et le bien-tre  chaque mouvement.\n\nOffrez-vous lñexcellence dñune grande marque japonaise et vivez une exprience unique  chaque foule.;150;"""[\""35\"",\""36\"",\""37\"",\""38\"",\""39\"",\""40\"",\""41\"",\""42\"",\""43\"",\""44\"",\""45\"",\""46\"",\""47\""]""";https://cdn.etrias.nl/media/cache/product_thumb_md/a/s/asics-unisex-gel-nyc-2055-glacier-grey-cream-1203a755-020.jpg;158;Unisexe;['gris', 'blanc']
KVP092;Baskets ASICS Unisex GT-2160 White;ASICS;Dcouvrez la nouvelle gnration de baskets signe ASICS, une marque renomme pour son engagement envers la performance et le confort. Inspire par lñesthtique emblmatique des annes 2010, cette chaussure issue de la clbre srie GT-2000 bnficie dñune vritable mtamorphose grce  lñutilisation de matriaux innovants et dñun design modernis. Lñempeigne, alliant un mesh respirant et un synthtique de haute qualit, assure une tenue optimale tout en prservant la souplesse et lñlgance du modle original de 2008. Sa silhouette fine, agrmente dñun avant-pied ondul, lui confre une allure dynamique et contemporaine, idale pour les amateurs de style urbain.\n\nLa technologie avance de GEL intgre  la semelle intermdiaire offre une absorption des chocs suprieure, garantissant un confort exceptionnel  chaque pas, que ce soit lors dñactivits sportives ou au quotidien. Le systme de soutien Trusstic amliore la stabilit, assurant ainsi une scurit accrue lors de vos dplacements. Grce  sa conception segmente, la semelle accompagne naturellement le mouvement du pied, favorisant une dmarche fluide et efficace.\n\nConvient pour tous, ce modle unisexe sduit par son quilibre parfait entre innovation technique et design intemporel.\n\nOptez pour lñexcellence japonaise avec ASICS et profitez dñune exprience unique o mode et fonctionnalit se rencontrent.;130;"""[\""35\"",\""36\"",\""37\"",\""38\"",\""39\"",\""40\"",\""41\"",\""42\"",\""43\"",\""44\"",\""45\"",\""46\"",\""47\""]""";https://cdn.etrias.nl/media/cache/product_thumb_md/a/s/asics_unisex_gt_2160_whiteglacier_grey_6.jpg;142;Unisexe;['gris', 'blanc']
KVP093;Baskets ASICS Unisex GEL-QUANTUM 360 I AMP Piedmont Grey;ASICS;Plongez dans lñunivers de la performance avec ces baskets innovantes signes ASICS, la marque de rfrence pour allier lgance et technologie avance. Dotes dñun dessus en mesh respirant et synthtique, elles assurent une excellente ventilation tout en offrant un maintien optimal.\n\nLa technologie GEL  360 degrs garantit un amorti suprieur  chaque foule, absorbant efficacement les chocs pour un confort ingal, mme lors dñune utilisation prolonge. Le systme TRUSSTIC apporte une stabilit remarquable, tandis que la mousse FF BLAST PLUS renforce la sensation de lgret et de douceur sous le pied. Grce  une conception sans coutures, les irritations sont minimises pour une exprience de port agrable en toutes circonstances.\n\nLeur combinaison de couleurs modernes, Piedmont Grey et Steel Grey, confre  ces baskets une allure contemporaine et polyvalente, parfaite pour sñaccorder  tous les styles.\n\nConvient pour un public unisexe, ce modle sduira les amateurs de mode urbaine et les sportifs exigeants  la recherche de chaussures alliant innovation, confort et design raffin.\n\nOptez pour lñexcellence japonaise et repoussez vos limites avec chaque pas.;180;"""[\""35\"",\""36\"",\""37\"",\""38\"",\""39\"",\""40\"",\""41\"",\""42\"",\""43\"",\""44\"",\""45\"",\""46\"",\""47\""]""";https://cdn.etrias.nl/media/cache/product_thumb_md/a/s/asics-unisex-gel-quantum-360-i-amp-piedmont-grey-steel-grey-1203a731-020.jpg;135;Unisexe;['gris']
KVP094;Baskets ASICS Unisexe GEL-QUANTUM 360 I AMP Pale Oak;ASICS;Dcouvrez lñexcellence du confort et de la technologie avec ces baskets signes ASICS, dans la couleur raffine Pale Oak/Wool.\n\nConues pour les amateurs de style et de performance, elles offrent un amorti 360¡ GEL qui garantit une absorption optimale des chocs  chaque pas. Le dessus en mesh et synthtique, dot de la technologie FluidFit, pouse parfaitement la forme du pied pour une sensation seconde peau, tandis que la construction sans couture limite les risques dñirritation.\n\nLa semelle intermdiaire Solyte assure une lgret remarquable et une durabilit accrue, idale pour accompagner vos journes actives. Grce  la semelle intrieure Ortholite X-40, profitez dñune gestion efficace de lñhumidit et dñune respirabilit suprieure, pour un confort durable quelles que soient les conditions. Le systme Trusstic rduit le poids de la chaussure sans compromettre la stabilit, soutenant ainsi vos mouvements naturels.\n\nConvient pour un public unisexe, ce modle est le choix parfait pour ceux qui recherchent lñalliance parfaite entre lgance sportive, innovation et bien-tre au quotidien.\n\nAdoptez la qualit et lñexpertise japonaise dñASICS pour sublimer votre allure et dpasser vos objectifs.;180;"""[\""35\"",\""36\"",\""37\"",\""38\"",\""39\"",\""40\"",\""41\"",\""42\"",\""43\"",\""44\"",\""45\"",\""46\"",\""47\""]""";https://cdn.etrias.nl/media/cache/product_thumb_md/a/s/asics-unisex-gel-quantum-360-i-amp-pale-oak-wool-1203a731-200.jpg;122;Unisexe;['blanc']
KVP095;Baskets ASICS Homme GEL-1130 Irvine;ASICS;Dcouvrez le parfait quilibre entre le style rtro et l'innovation technologique avec cette paire de baskets pour hommes signe ASICS. Inspire de lñesthtique du running de la fin des annes 2000, cette chaussure sduit par sa silhouette intemporelle et sa couleur Irvine/Black sophistique. Son dessus en mesh respirant et en cuir synthtique assure une excellente ventilation tout en offrant une allure lgante et moderne. Grce  la technologie GEL intgre au talon, chaque foule bnficie dñun amorti avanc pour un confort durable, tandis que le systme de soutien TRUSSTIC renforce la stabilit, idal pour les activits sportives ou le quotidien.\n\nLa conception de cette basket mise aussi sur la durabilit, avec un procd de teinture innovant qui rduit significativement la consommation dñeau et les missions de carbone. Que vous recherchiez une chaussure performante pour vos entranements ou une pice tendance pour complter votre look urbain, ce modle ASICS rpond  toutes vos attentes en matire de confort, de soutien et de respect de lñenvironnement. Il convient parfaitement aux hommes exigeants qui souhaitent allier performance, lgance et conscience cologique  chaque pas.;120;"""[\""38\"",\""39\"",\""40\"",\""41\"",\""42\"",\""43\"",\""44\"",\""45\"",\""46\"",\""47\""]""";https://cdn.etrias.nl/media/cache/product_thumb_md/a/s/asics-men-gel-1130-irvine-black-1203a610-300.jpg;96;Homme;['noir']
KVP096;Baskets ASICS Unisexe GEL-KAYANO 20 Independence Blue;ASICS;Dcouvrez lñalliance parfaite entre innovation et esthtique avec ces baskets de la marque ASICS, conues pour rpondre aux exigences des amateurs de longues distances et des passionns de style contemporain. Dotes dñun dessus synthtique de haute qualit, ces baskets offrent une construction FLUIDFIT qui pouse parfaitement la forme du pied, assurant ainsi un ajustement sur mesure et un confort durable.\n\nLes applications en TPU positionnes stratgiquement renforcent la stabilit et le maintien, tandis que la double technologie GEL intgre garantit une absorption optimale des chocs  chaque foule. Inspir par lñarchitecture moderne et le design automobile, leur look distinctif se dmarque par une lgance sportive unique. Le systme de soutien GUIDANCE TRUSSTIC apporte une stabilit exceptionnelle, mme lors des efforts prolongs. Grce  leur couleur Independence Blue/Pure Silver, ces baskets sñadaptent aussi bien aux activits sportives quñau quotidien.\n\nConviennent  un public unisexe, ces modles sont le choix idal pour ceux qui recherchent performance, confort et raffinement dans une paire de baskets.\n\nOptez pour lñexcellence japonaise et atteignez vos objectifs avec assurance.;180;"""[\""35\"",\""36\"",\""37\"",\""38\"",\""39\"",\""40\"",\""41\"",\""42\"",\""43\"",\""44\"",\""45\"",\""46\"",\""47\""]""";https://cdn.etrias.nl/media/cache/product_thumb_md/a/s/asics-unisex-gel-kayano-20-independence-blue-pure-silver-1203a388-401.jpg;119;Unisexe;['argent', 'bleu']
KVP097;Baskets ASICS Unisexe GEL-KAYANO 20 Cream;ASICS;Dcouvrez lñalliance parfaite entre la performance, le confort et le design innovant avec ces baskets unisexes, signes par la marque ASICS. Inspires par lñarchitecture moderne et lñautomobile, elles affichent une silhouette lgante et contemporaine qui sduit au premier regard.\n\nLeur empeigne en mesh respirant et synthtique pouse le pied grce  la technologie FLUIDFIT, offrant une sensation de seconde peau et un maintien personnalis.\n\nLes applications cibles en TPU apportent un soutien supplmentaire l o vous en avez le plus besoin, tandis que les doubles inserts  technologie GEL assurent une absorption optimale des chocs, mme sur de longues distances. Le systme GUIDANCE TRUSSTIC renforce la stabilit, garantissant un confort durable lors de chaque foule.\n\nLa couleur raffine Cream/Pure Silver sñintgre facilement  toutes les tenues, ajoutant une touche de sophistication  votre style.\n\nConvient pour tous, ce modle est idal pour ceux qui recherchent une chaussure  la fois technique, lgante et durable, parfaite pour lñentranement ou un usage quotidien.\n\nOffrez-vous lñexcellence japonaise et vivez lñexprience dñun quilibre parfait entre mode et fonctionnalit, fidle  la philosophie dñASICS.;180;"""[\""35\"",\""36\"",\""37\"",\""38\"",\""39\"",\""40\"",\""41\"",\""42\"",\""43\"",\""44\"",\""45\"",\""46\"",\""47\""]""";https://cdn.etrias.nl/media/cache/product_thumb_md/a/s/asics-unisex-gel-kayano-20-cream-pure-silver-1203a388-103.jpg;96;Unisexe;['argent', 'blanc']
KVP098;Baskets ASICS Unisexe GEL-NYC Polar Night;ASICS;Dcouvrez lñalliance parfaite entre lñlgance intemporelle et lñinnovation technique avec ces baskets signes par la marque ASICS. Inspires  la fois par les styles de course emblmatiques des premires annes et les tendances modernes, elles sduisent par leur design sophistiqu et leur palette raffine Polar Night/Cream. Le dessus, compos de mesh  larges ouvertures, de sude et de cuir synthtique, assure une excellente ventilation tout en offrant une allure luxueuse.\n\nLa combinaison de mousse lgre et de la clbre technologie GEL, intgre  lñavant et  lñarrire du pied, garantit un confort exceptionnel et un amorti optimal, mme lors de longues journes actives.\n\nLa structure renforce apporte une stabilit fiable, idale pour les dplacements quotidiens ou les longues distances.\n\nConvient pour un public unisexe, ce modle est le choix incontournable pour celles et ceux qui recherchent un quilibre parfait entre style, performance et bien-tre au quotidien.\n\nOffrez-vous une exprience unique o la mode rencontre la fonctionnalit, porte par lñexcellence japonaise dñASICS.;150;"""[\""35\"",\""36\"",\""37\"",\""38\"",\""39\"",\""40\"",\""41\"",\""42\"",\""43\"",\""44\"",\""45\"",\""46\"",\""47\""]""";https://cdn.etrias.nl/media/cache/product_thumb_md/a/s/asics-unisex-gel-nyc-polar-night-cream-1203a383-402.jpg;147;Unisexe;['blanc']
KVP099;Baskets ASICS Unisexe GEL-NYC Terracotta;ASICS;Dcouvrez lñalliance parfaite entre style rtro et innovation moderne avec ces baskets signes ASICS.\n\nConues pour rpondre aux besoins des amateurs de mode et des passionns de sport, elles se distinguent par leur dessus en cuir synthtique et en sude, offrant une lgante combinaison de couleurs terracotta et crme. Inspires  la fois des designs emblmatiques des dbuts et des tendances actuelles du running, elles intgrent des lments issus de modles iconiques, tout en bnficiant dñune technologie de pointe.\n\nLes larges ouvertures en mesh garantissent une excellente ventilation, tandis que la mousse lgre et la technologie GEL assurent un confort suprieur et un amorti optimal, mme lors de longues distances. Grce  leur stabilit remarquable et  leur soutien, ces baskets sont idales pour un usage quotidien comme pour les activits sportives.\n\nConviennent  tous, elles incarnent lñquilibre entre performance, durabilit et esthtique.\n\nOptez pour un modle qui valorise le bien-tre du corps et lñlgance du style, tout en bnficiant du savoir-faire reconnu de la marque japonaise ASICS.;150;"""[\""35\"",\""36\"",\""37\"",\""38\"",\""39\"",\""40\"",\""41\"",\""42\"",\""43\"",\""44\"",\""45\"",\""46\"",\""47\""]""";https://cdn.etrias.nl/media/cache/product_thumb_md/a/s/asics-unisex-gel-nyc-terracotta-cream-1203a383-600.jpg;138;Unisexe;['blanc']
KVP100;Baskets Adidas Femme Handball Spezial Silver Pebble;Adidas;Dcouvrez lñalliance parfaite entre hritage sportif et style urbain intemporel avec cette paire de baskets signe Adidas. Inspire des modles emblmatiques des annes 70, cette chaussure sduit par son design rtro modernis et ses finitions haut de gamme.\n\nLa tige, ralise en sude et cuir de qualit, offre un toucher doux et une allure raffine, tandis que la doublure synthtique assure un confort optimal au quotidien.\n\nLa combinaison lgante des couleurs Silver Pebble et Orbit Grey, rehausse par les clbres 3-Stripes et une inscription dore, confre  cette basket une allure sophistique et unique.\n\nLa semelle extrieure en gomme garantit une adhrence exceptionnelle, idale pour une utilisation en ville ou lors de vos dplacements quotidiens. Grce  son laage prcis, la chaussure pouse parfaitement le pied, assurant maintien et stabilit. Initialement conue pour la pratique du handball, elle sñest impose comme une vritable icne streetwear, prise par les passionns de mode et de confort. Choisir cette basket, cñest opter pour la qualit et lñinnovation dñune marque de renomme mondiale, tout en affirmant un style rsolument tendance.\n\nConvient aux femmes  la recherche dñune paire  la fois lgante, confortable et durable.;110;"""[\""35\"",\""36\"",\""37\"",\""38\"",\""39\"",\""40\"",\""41\"",\""42\""]""";https://cdn.etrias.nl/media/cache/product_thumb_md/a/d/adidas-women-handball-spezial-silver-pebble-orbit-grey-gum-jr0850.jpg;103;Femme;['gris', 'noir', 'argent']
KVP101;Baskets Adidas Homme Montreal RM Linen Green;Adidas;Dcouvrez lñalliance parfaite entre lñlgance intemporelle et la performance moderne avec cette paire de baskets signe Adidas.\n\nConue pour les hommes exigeants, elle sduit par son dessus en cuir de haute qualit, habill dñune teinte verte raffine qui apporte une touche de fracheur  votre look.\n\nLa doublure synthtique assure un confort optimal tout au long de la journe, tandis que la semelle cupsole en caoutchouc garantit une adhrence fiable sur toutes les surfaces.\n\nLes emblmatiques 3-Stripes et le logo Trefoil, prsents sur la languette et le talon, tmoignent de lñauthenticit et du prestige de la marque. Une finition en dorure sur le ct ajoute une note sophistique et exclusive. Grce  son laage prcis, cette basket sñadapte parfaitement  votre pied pour un maintien sur mesure. Inspire dñun moment historique du sport, elle incarne lñhritage et lñinnovation dñAdidas, une marque reconnue mondialement pour la qualit et le style de ses chaussures. Idale pour ceux qui souhaitent allier lgance, confort et histoire dans leur quotidien.;110;"""[\""38\"",\""39\"",\""40\"",\""41\"",\""42\"",\""43\"",\""44\"",\""45\"",\""46\"",\""47\""]""";https://cdn.etrias.nl/media/cache/product_thumb_md/a/d/adidas-men-montreal-rm-linen-green-core-black-core-black-js1334.jpg;66;Homme;['vert', 'noir']
KVP102;Baskets Adidas Unisexe Gazelle Sala Grey Three;Adidas;Dcouvrez une paire de baskets qui allie lñhritage iconique dñAdidas  une esthtique contemporaine, idale pour les amateurs de mode et de confort. Inspire des modles indoor des annes 80, cette cration sduit par son design raffin et intemporel. Sa tige en cuir et textile offre une allure luxueuse tout en garantissant une excellente respirabilit.\n\nLa semelle extrieure en caoutchouc assure une adhrence optimale sur diffrentes surfaces, parfaite pour une utilisation quotidienne ou sportive.\n\nLes trois bandes emblmatiques et le logo Trefoil, prsents sur la languette, le talon et la semelle, tmoignent de lñauthenticit et du prestige de la marque.\n\nLa finition en feuille dore sur le ct ajoute une touche sophistique  lñensemble. Grce  son systme de laage, la chaussure pouse parfaitement le pied pour un maintien personnalis. Ce modle unisexe est le choix idal pour ceux qui recherchent des baskets polyvalentes, lgantes et durables, tout en profitant de la qualit et du savoir-faire dñAdidas.\n\nAdoptez un style unique et affirmez votre personnalit avec une paire qui ne passe jamais inaperue.;120;"""[\""35\"",\""36\"",\""37\"",\""38\"",\""39\"",\""40\"",\""41\"",\""42\"",\""43\"",\""44\"",\""45\"",\""46\"",\""47\""]""";https://cdn.etrias.nl/media/cache/product_thumb_md/a/d/adidas-unisex-gazelle-sala-grey-three-cloud-white-grey-six-jr8375.jpg;111;Unisexe;['gris', 'blanc']
KVP103;Baskets Adidas Unisexe Gazelle Sala Off White;Adidas;Dcouvrez une paire de baskets qui allie  la perfection lñhritage sportif et les tendances actuelles. Inspire par les modles emblmatiques des annes 80, cette cration sduit par sa silhouette intemporelle et ses dtails raffins.\n\nLa matire premium, compose de cuir et de textile, assure une grande durabilit tout en offrant un confort optimal  chaque pas.\n\nLa doublure en textile et synthtique garantit une sensation agrable, mme lors dñune utilisation prolonge.\n\nLa semelle extrieure en caoutchouc apporte une adhrence fiable sur toutes les surfaces, idale pour un usage quotidien ou des occasions spciales.\n\nLes clbres 3 bandes et le lettrage dor sur le ct soulignent lñauthenticit et lñlgance du design. Le logo Trefoil, prsent sur la languette, le talon et la semelle, rappelle lñexcellence de la marque Adidas. Grce  son systme de laage, la chaussure sñajuste parfaitement  chaque morphologie de pied, offrant ainsi une tenue sur mesure. Polyvalente et moderne, elle convient  tous ceux qui recherchent un modle unisexe au style affirm, avec la qualit et le savoir-faire dñAdidas.\n\nOffrez-vous une basket iconique qui traverse les modes et sublime toutes vos tenues.;120;"""[\""35\"",\""36\"",\""37\"",\""38\"",\""39\"",\""40\"",\""41\"",\""42\"",\""43\"",\""44\"",\""45\"",\""46\"",\""47\""]""";https://cdn.etrias.nl/media/cache/product_thumb_md/a/d/adidas-unisex-gazelle-sala-off-white-blue-cloud-white-jr3839.jpg;124;Unisexe;['bleu', 'blanc']
KVP104;Baskets Adidas Unisexe Superstar II Core Black;Adidas;Dcouvrez lñalliance parfaite du style rtro et de la performance moderne avec ces baskets signes Adidas.\n\nConues pour offrir un confort exceptionnel tout au long de la journe, elles se distinguent par leur dessus en cuir de haute qualit et leur clbre coque en caoutchouc  lñavant, qui assure une protection optimale.\n\nLa doublure en textile favorise la respirabilit, tandis que la semelle cupsole en caoutchouc garantit une adhrence fiable sur toutes les surfaces.\n\nLes iconiques 3 bandes sur le ct ajoutent une touche emblmatique, symbole du savoir-faire de la marque allemande. Grce  la languette et au col rembourrs, chaque pas est synonyme de confort, que ce soit pour vos activits sportives ou vos sorties urbaines.\n\nLa fermeture  lacets permet un ajustement parfait, sñadaptant  toutes les morphologies. Avec leur allure intemporelle et leur finition soigne dans des tons noir et blanc, ces baskets conviennent aussi bien aux hommes quñaux femmes recherchant une paire polyvalente et lgante.\n\nOptez pour un modle qui a travers les gnrations et affirmez votre style avec une pice incontournable de la mode urbaine, alliant qualit, confort et authenticit.;120;"""[\""35\"",\""36\"",\""37\"",\""38\"",\""39\"",\""40\"",\""41\"",\""42\"",\""43\"",\""44\"",\""45\"",\""46\"",\""47\""]""";https://cdn.etrias.nl/media/cache/product_thumb_md/a/d/adidas-unisex-superstar-ii-core-black-cloud-white-core-black-ji0079.jpg;126;Unisexe;['noir', 'blanc']
KVP105;Baskets Adidas Unisexe Superstar II Cloud White;Adidas;Dcouvrez lñalliance parfaite entre lñhritage sportif et lñlgance urbaine avec ces baskets signes Adidas.\n\nConues pour ceux qui recherchent  la fois un style intemporel et un confort au quotidien, elles se distinguent par leur design iconique  trois bandes et leur allure rtro inspire des terrains de sport.\n\nLa matire suprieure en cuir de qualit apporte une touche de sophistication, tandis que la coque en caoutchouc  lñavant assure une protection supplmentaire et une durabilit accrue.\n\nLa doublure textile garantit une respirabilit optimale, idale pour une utilisation prolonge.\n\nLa semelle extrieure en caoutchouc offre une adhrence fiable, que ce soit sur le bitume ou lors de vos dplacements en ville.\n\nLa languette et le col rembourrs procurent un confort suprieur, sñajustant parfaitement grce  la fermeture  lacets. Polyvalentes et indmodables, ces baskets conviennent aussi bien aux amateurs de mode quñaux passionns de sport, et sñadaptent  toutes les occasions.\n\nOptez pour une valeur sre de la marque Adidas et affirmez votre style avec une paire de baskets qui traverse les gnrations sans jamais se dmoder.;120;"""[\""35\"",\""36\"",\""37\"",\""38\"",\""39\"",\""40\"",\""41\"",\""42\"",\""43\"",\""44\"",\""45\"",\""46\"",\""47\""]""";https://cdn.etrias.nl/media/cache/product_thumb_md/a/d/adidas-unisex-superstar-ii-cloud-white-core-black-cloud-white-ih8659.jpg;128;Unisexe;['noir', 'blanc']
KVP106;Baskets ASICS Unisexe GEL-KAYANO 14 White;ASICS;Dcouvrez lñalliance parfaite entre la performance et le style rtro avec cette paire de baskets issue de la clbre srie GEL-KAYANO de la marque ASICS. Arborant une lgante couleur White/Menthol, ce modle sduit par son design inspir des annes 2000, remis au got du jour grce  des matriaux innovants et  des composants de nouvelle gnration.\n\nLa tige associe du mesh respirant et du cuir synthtique, offrant ainsi un confort suprieur et une durabilit accrue, tout en conservant lñesprit authentique du modle original de 2008. Pense pour les amateurs de performance, cette chaussure intgre une technologie GEL de dernire gnration dans la semelle intermdiaire, garantissant une absorption avance des chocs et un amorti optimal  chaque foule. Le systme de soutien TRUSSTIC amliore la stabilit, ce qui en fait un choix idal pour toutes les activits sportives ou pour un usage quotidien.\n\nConvient  un public unisexe, cette basket sñadresse  ceux qui recherchent lñquilibre entre fonctionnalit et esthtique. Faites le choix dñun produit emblmatique dñASICS, reconnu pour son engagement envers lñinnovation et le confort, et affirmez votre style avec une basket aussi performante que tendance.;170;"""[\""35\"",\""36\"",\""37\"",\""38\"",\""39\"",\""40\"",\""41\"",\""42\"",\""43\"",\""44\"",\""45\"",\""46\"",\""47\""]""";https://cdn.etrias.nl/media/cache/product_thumb_md/a/s/asics-unisex-gel-kayano-14-white-menthol-1203a740-102.jpg;165;Unisexe;['menthol', 'blanc']
KVP107;Baskets ASICS Unisexe GEL-KAYANO 14 Soft Yellow;ASICS;Dcouvrez lñalliance parfaite entre performance et style rtro avec cette paire de baskets issue de la clbre srie de la marque ASICS. Arborant une lgante couleur Soft Yellow/Asics Blue, ce modle sduit par son design inspir des annes 2000, revisit avec des matriaux et des composants innovants. Lñempeigne, compose de mesh et de cuir synthtique, offre une respirabilit optimale tout en assurant un maintien confortable et durable. Pense pour les passionns de sport et les amateurs de mode urbaine, cette chaussure intgre une technologie de semelle intermdiaire avance, dote dñun amorti GEL amlior pour une absorption des chocs exceptionnelle  chaque foule. Le systme de soutien TRUSSTIC garantit une stabilit accrue, rendant ces baskets idales pour les activits dynamiques ou le quotidien.\n\nLa coupe de lñempeigne a t perfectionne, tout en conservant lñauthenticit des superpositions de cuir et de mesh du modle original de 2008.\n\nConvient pour tous, ce modle unisexe incarne lñesprit dñinnovation et dñexcellence de la marque japonaise, fidle  la philosophie Anima Sana in Corpore Sano.\n\nOptez pour ces baskets pour bnficier dñun quilibre parfait entre confort, style et performance, et affirmez votre personnalit avec un modle iconique qui traverse les tendances.;170;"""[\""35\"",\""36\"",\""37\"",\""38\"",\""39\"",\""40\"",\""41\"",\""42\"",\""43\"",\""44\"",\""45\"",\""46\"",\""47\""]""";https://cdn.etrias.nl/media/cache/product_thumb_md/a/s/asics-unisex-gel-kayano-14-soft-yellow-asics-blue-1203a740-750.jpg;167;Unisexe;['bleu', 'jaune']
KVP108;Baskets ASICS Enfant GEL-NYC PS Glacier Grey;ASICS;Offrez  vos enfants le meilleur de la mode et de la performance avec ces baskets signes ASICS, une marque reconnue pour son expertise et son innovation. Arborant un design rtro inspir des modles emblmatiques, cette paire sduit par sa couleur Glacier Grey/Coneflower,  la fois tendance et facile  associer. Son dessus en mesh hautement respirant, rehauss de superpositions en sude, garantit une excellente circulation de lñair tout en apportant une touche de raffinement.\n\nLa technologie GEL intgre assure un confort suprieur et une absorption optimale des chocs, idale pour accompagner les aventures quotidiennes des plus jeunes.\n\nLa structure flexible et stable soutient parfaitement la croissance des pieds, offrant ainsi scurit et libert de mouvement.\n\nParfaite pour un usage quotidien, cette chaussure allie lgance sportive, fonctionnalit et durabilit.\n\nConvient aux enfants  la recherche de style et de confort, elle est le choix incontournable pour des journes actives en toute srnit.;95;"""[\""16\"",\""17\"",\""18\"",\""19\"",\""20\"",\""21\"",\""22\"",\""23\"",\""24\"",\""25\"",\""26\"",\""27\"",\""28\"",\""29\"",\""30\"",\""31\"",\""32\"",\""33\"",\""34\"",\""35\"",\""36\"",\""37\""]""";https://cdn.etrias.nl/media/cache/product_thumb_md/a/s/asics-kids-gel-nyc-ps-glacier-grey-coneflower-1204a176-020.jpg;227;Enfant;['gris']
KVP109;Baskets ASICS Enfant GEL-NYC PS Graphite Grey;ASICS;Dcouvrez les baskets idales pour accompagner les enfants dans toutes leurs aventures quotidiennes. Signe par la marque ASICS, cette paire sduit par son design rtro inspir des modles emblmatiques de la maison japonaise, tout en intgrant des technologies modernes pour rpondre aux besoins des plus jeunes. Lñassociation dñun dessus en mesh hautement respirant et de superpositions en sude assure un quilibre parfait entre lgance, robustesse et confort. Grce  la technologie GEL, chaque foule bnficie dñun amorti exceptionnel, rduisant la fatigue et offrant un soutien optimal aux pieds en pleine croissance.\n\nLa flexibilit et la stabilit de la semelle garantissent un maintien irrprochable, essentiel pour le dveloppement des enfants actifs. Sa couleur graphite grey/black confre une allure sophistique et polyvalente, idale pour toutes les occasions.\n\nOptez pour une basket qui allie mode, fonctionnalit et performance, et offrez  votre enfant le meilleur en matire de confort et de style.\n\nConvient  un usage quotidien, cette cration ASICS est le choix incontournable pour les jeunes  la recherche dñun look tendance et dñun bien-tre durable.;95;"""[\""16\"",\""17\"",\""18\"",\""19\"",\""20\"",\""21\"",\""22\"",\""23\"",\""24\"",\""25\"",\""26\"",\""27\"",\""28\"",\""29\"",\""30\"",\""31\"",\""32\"",\""33\"",\""34\"",\""35\"",\""36\"",\""37\""]""";https://cdn.etrias.nl/media/cache/product_thumb_md/a/s/asics-kids-gel-nyc-ps-graphite-grey-black-1204a176-021.jpg;202;Enfant;['gris', 'noir']
KVP110;Baskets ASICS Kids GEL-NYC PS Cream;ASICS;Offrez  vos enfants le meilleur de la performance et du style avec ces baskets signes ASICS.\n\nConues pour accompagner les jeunes dans toutes leurs aventures quotidiennes, elles allient un design rtro inspir des modles emblmatiques de la marque  des technologies innovantes.\n\nLeur tige en mesh hautement respirant, associe  des superpositions en sude, assure une excellente circulation de lñair tout en apportant une touche sophistique. Grce  la clbre technologie GEL dñASICS, chaque pas bnficie dñun amorti suprieur, offrant un confort remarquable mme lors dñune utilisation prolonge. Flexibilit et stabilit sont au rendez-vous pour soutenir la croissance et le dveloppement des pieds des enfants.\n\nLa combinaison de la couleur Cream/Oyster Grey confre  ces baskets une allure moderne et intemporelle, parfaite pour toutes les occasions. Idales pour un usage quotidien, elles incarnent lñquilibre parfait entre la mode et la fonctionnalit, faisant de chaque sortie une exprience agrable et style. Elles conviennent parfaitement aux enfants  la recherche de confort, de soutien et dñun look tendance.;95;"""[\""16\"",\""17\"",\""18\"",\""19\"",\""20\"",\""21\"",\""22\"",\""23\"",\""24\"",\""25\"",\""26\"",\""27\"",\""28\"",\""29\"",\""30\"",\""31\"",\""32\"",\""33\"",\""34\"",\""35\"",\""36\"",\""37\""]""";https://cdn.etrias.nl/media/cache/product_thumb_md/a/s/asics-kids-gel-nyc-ps-cream-oyster-grey-1204a176-100.jpg;227;Enfant;['gris', 'blanc']
KVP111;Baskets Asics Kids GEL-NYC GS Cream;ASICS;Ces baskets lgantes dñASICS combinent un design rtro avec des technologies modernes, parfaitement adaptes aux besoins des pieds dñenfants en pleine croissance. Lñempeigne en mesh respirant, enrichie de superpositions en sude, assure une circulation dñair optimale et une allure luxueuse. Grce  la technologie innovante GEL, la chaussure offre un confort exceptionnel et un amorti  chaque pas. Lñinspiration tire de modles iconiques lui confre un look unique et sportif. Flexibilit et stabilit sont au cÏur de sa conception, faisant de cette sneaker un choix idal pour un usage quotidien.\n\nOptez pour une alliance de mode et de fonctionnalit, et offrez aux pieds des enfants ce quñil y a de mieux en termes de confort et de soutien;105;"""[\""16\"",\""17\"",\""18\"",\""19\"",\""20\"",\""21\"",\""22\"",\""23\"",\""24\"",\""25\"",\""26\"",\""27\"",\""28\"",\""29\"",\""30\"",\""31\"",\""32\"",\""33\"",\""34\"",\""35\"",\""36\"",\""37\""]""";https://cdn.etrias.nl/media/cache/product_thumb_md/a/s/asics_kids_gel_nyc_gs_creamoyster_grey_6.jpg;266;Enfant;['gris', 'blanc']
KVP112;Baskets ASICS Enfant GEL-NYC GS Glacier Grey;ASICS;Dcouvrez lñalliance parfaite entre le style rtro et lñinnovation moderne avec ces baskets pour enfants signes ASICS.\n\nLeur design, inspir de modles emblmatiques, sduit par une lgance intemporelle, tandis que la structure en mesh hautement respirant, renforce par des superpositions en sude, garantit une ventilation optimale et une grande robustesse. Grce  la technologie GEL intgre, chaque pas est synonyme de confort et dñamorti, offrant ainsi un soutien idal aux pieds en pleine croissance.\n\nLa flexibilit et la stabilit exceptionnelles de ce modle assurent une libert de mouvement tout en maintenant le maintien ncessaire pour accompagner les aventures quotidiennes.\n\nParfaites pour un usage quotidien, ces baskets conjuguent mode et fonctionnalit, permettant aux enfants de profiter dñun confort suprieur sans compromis sur le style.\n\nOffrez-leur le meilleur de la performance japonaise et laissez-les exprimer leur dynamisme avec assurance et lgance.;105;"""[\""16\"",\""17\"",\""18\"",\""19\"",\""20\"",\""21\"",\""22\"",\""23\"",\""24\"",\""25\"",\""26\"",\""27\"",\""28\"",\""29\"",\""30\"",\""31\"",\""32\"",\""33\"",\""34\"",\""35\"",\""36\"",\""37\""]""";https://cdn.etrias.nl/media/cache/product_thumb_md/a/s/asics-kids-gel-nyc-gs-glacier-grey-coneflower-1204a175-020.jpg;238;Enfant;['gris']
KVP113;Baskets ASICS Enfant GEL-NYC GS Cream;ASICS;Offrez  vos enfants des baskets qui allient style rtro et innovation technologique. Cette paire signe ASICS sduit par sa silhouette inspire des modles emblmatiques, affichant une lgante combinaison de couleurs crme et gris fum. Le dessus en mesh assure une excellente respirabilit, tandis que les empicements en sude apportent une touche luxueuse et une robustesse accrue. Grce  la technologie GEL, chaque pas bnficie dñun amorti suprieur, garantissant un confort durable tout au long de la journe.\n\nLa flexibilit et la stabilit sont au cÏur de la conception, offrant un soutien optimal aux pieds en pleine croissance.\n\nParfaites pour un usage quotidien, ces baskets accompagnent les enfants dans toutes leurs aventures, mariant parfaitement mode et fonctionnalit. Faites le choix dñun produit de qualit, issu dñune marque reconnue pour son expertise et son engagement envers le bien-tre des plus jeunes.;105;"""[\""16\"",\""17\"",\""18\"",\""19\"",\""20\"",\""21\"",\""22\"",\""23\"",\""24\"",\""25\"",\""26\"",\""27\"",\""28\"",\""29\"",\""30\"",\""31\"",\""32\"",\""33\"",\""34\"",\""35\"",\""36\"",\""37\""]""";https://cdn.etrias.nl/media/cache/product_thumb_md/a/s/asics-kids-gel-nyc-gs-cream-smoke-grey-1204a175-101.jpg;206;Enfant;['gris', 'blanc']
KVP114;Baskets Asics Kids GEL-NYC GS Graphite Grey;ASICS;Ces baskets lgantes dñASICS combinent un design rtro avec des technologies modernes, parfaitement adaptes aux besoins des pieds dñenfants en pleine croissance. Lñempeigne en mesh respirant, agrmente dñempicements en sude, assure une circulation optimale de lñair et une allure luxueuse. Grce  la technologie innovante GEL, la chaussure offre un confort exceptionnel et un amorti  chaque pas. Lñinspiration tire de modles iconiques confre  lñensemble un look sportif unique. Flexibilit et stabilit sont au cÏur de ce modle, ce qui rend cette sneaker idale pour un usage quotidien.\n\nOptez pour une combinaison de mode et de fonctionnalit et offrez aux pieds des enfants le meilleur en matire de confort et de soutien;105;"""[\""16\"",\""17\"",\""18\"",\""19\"",\""20\"",\""21\"",\""22\"",\""23\"",\""24\"",\""25\"",\""26\"",\""27\"",\""28\"",\""29\"",\""30\"",\""31\"",\""32\"",\""33\"",\""34\"",\""35\"",\""36\"",\""37\""]""";https://cdn.etrias.nl/media/cache/product_thumb_md/a/s/asics_kids_gel_nyc_gs_graphite_greyblack_6.jpg;173;Enfant;['gris', 'noir']
KVP115;Baskets Adidas Femme Gazelle Stack Glow Pink;Adidas;Dcouvrez une paire de baskets qui allie parfaitement style, confort et qualit, idale pour toutes les femmes  la recherche dñune touche dñoriginalit dans leur garde-robe. Avec une association de couleurs vibrantes, ce modle sduit par son allure moderne et son inspiration rtro.\n\nLa matire principale en sude et cuir offre une sensation luxueuse et assure une grande durabilit, tandis que la languette en nubuck ajoute une note dñlgance supplmentaire.\n\nLa semelle intermdiaire en EVA, superpose pour un effet plateforme tendance, garantit un amorti optimal  chaque pas, tout en rehaussant la silhouette. Une bande lgrement translucide le long de la semelle apporte une finition subtile et raffine. Grce  la doublure synthtique et  la semelle extrieure en caoutchouc, le confort est durable, mme lors dñune utilisation prolonge. Ce modle, inspir des codes iconiques dñAdidas, est parfait pour celles qui souhaitent conjuguer mode, performance et originalit au quotidien. Il convient aux femmes qui veulent affirmer leur style tout en profitant dñun chaussant agrable et rsistant. Faites le choix dñune basket emblmatique, conue par une marque de rfrence dans lñunivers du sport et de la mode.;120;"""[\""35\"",\""36\"",\""37\"",\""38\"",\""39\"",\""40\"",\""41\"",\""42\""]""";https://cdn.etrias.nl/media/cache/product_thumb_md/a/d/adidas-women-gazelle-stack-glow-pink-victory-blue-gum-js3926.jpg;73;Femme;['noir', 'rose', 'bleu']
KVP116;Baskets Adidas Femme Gazelle Bold Cloud White;Adidas;Dcouvrez lñlgance intemporelle et le confort ingal de ces baskets, nes dñune collaboration prestigieuse entre Adidas et Liberty London.\n\nConues pour les femmes qui apprcient la mode et lñexclusivit, elles se distinguent par un dessus en textile orn dñun motif raffin, rappelant la dlicatesse de la dentelle.\n\nLa combinaison des couleurs Cloud White, Cream White et Better Scarlet apporte une touche sophistique et moderne  votre tenue. Dotes des iconiques 3-Stripes et dñune inscription subtile sur le ct, ces baskets affichent firement lñhritage de la marque.\n\nLa doublure textile assure un confort optimal tout au long de la journe, tandis que la semelle extrieure en caoutchouc robuste garantit une excellente durabilit et une adhrence parfaite.\n\nLa fermeture  lacets permet un ajustement personnalis, pour un maintien idal en toutes circonstances.\n\nLes dtails de branding sur la languette et la semelle ajoutent une note exclusive, faisant de ce modle un choix incontournable pour celles qui recherchent une alliance parfaite entre style, qualit et originalit.\n\nAdoptez ces baskets pour sublimer vos looks quotidiens ou pour apporter une touche unique  vos tenues les plus habilles.;130;"""[\""35\"",\""36\"",\""37\"",\""38\"",\""39\"",\""40\"",\""41\"",\""42\""]""";https://cdn.etrias.nl/media/cache/product_thumb_md/a/d/adidas-women-gazelle-bold-cloud-white-cream-white-better-scarlet-jr8885.jpg;85;Femme;['rouge', 'blanc']
KVP117;Baskets Adidas Femme Gazelle Indoor Warm Clay;Adidas;Dcouvrez lñlgance intemporelle et le confort moderne runis dans ces baskets emblmatiques, parfaites pour les femmes  la recherche dñun style unique et raffin. Inspires par le design rtro des annes 70, ces chaussures se distinguent par leur dessus en sude de haute qualit, offrant une sensation luxueuse et une durabilit exceptionnelle.\n\nLa combinaison de la couleur Warm Clay avec les dtails Cloud White et la semelle en gomme apporte une touche sophistique, facile  assortir avec toutes vos tenues du quotidien.\n\nLa doublure en imitation cuir et textile garantit un confort optimal tout au long de la journe, tandis que la semelle cupsole en caoutchouc assure une adhrence suprieure sur toutes les surfaces.\n\nLes clbres 3-Stripes et le marquage dor latral soulignent le riche hritage sportif de la marque Adidas, tout en ajoutant une note authentique et tendance  votre look. Grce  leur fermeture  lacets, ces baskets sñadaptent parfaitement  la forme de votre pied pour un maintien idal. Idales pour un usage quotidien, ces baskets sont un choix incontournable pour celles qui apprcient la qualit, le confort et le style rtro revisit. Faites confiance  Adidas, une marque reconnue mondialement pour son expertise et son innovation, et laissez-vous sduire par une paire de baskets qui allie parfaitement mode et performance.\n\nConvient aux femmes recherchant une chaussure polyvalente, lgante et inspire de lñhritage sportif.;120;"""[\""35\"",\""36\"",\""37\"",\""38\"",\""39\"",\""40\"",\""41\"",\""42\""]""";https://cdn.etrias.nl/media/cache/product_thumb_md/a/d/adidas-women-gazelle-indoor-warm-clay-cloud-white-gum-js1397.jpg;79;Femme;['noir', 'marron', 'blanc']
KVP118;Baskets Adidas Femme Handball Spezial Lucid Red;Adidas;Dcouvrez lñalliance parfaite entre hritage sportif et lgance contemporaine avec cette paire de baskets pour femmes signe Adidas. Inspire par les modles emblmatiques des annes 70, cette cration sduit par son design intemporel et ses finitions raffines. Sa matire suprieure en cuir vritable offre une allure luxueuse et assure une durabilit optimale, tandis que la doublure synthtique procure un confort remarquable tout au long de la journe.\n\nLa semelle extrieure en caoutchouc gomme garantit une adhrence flexible et une excellente stabilit, idale pour un usage quotidien. Grce  son systme de laage solide, le maintien du pied est assur, permettant de profiter de chaque instant en toute confiance.\n\nLa couleur Lucid Red, rehausse par des touches Glow Blue et une semelle Gum, confre  chaque tenue une note dynamique et sportive.\n\nParfaite pour les femmes  la recherche de qualit, de style et de savoir-faire dñune marque iconique, cette basket sñimpose comme un choix incontournable, que ce soit pour une allure dcontracte ou pour sublimer une silhouette sportive. Faites lñexprience du confort et du prestige Adidas, et affirmez votre style avec distinction.;110;"""[\""35\"",\""36\"",\""37\"",\""38\"",\""39\"",\""40\"",\""41\"",\""42\""]""";https://cdn.etrias.nl/media/cache/product_thumb_md/a/d/adidas-women-handball-spezial-lucid-red-glow-blue-gum-jr3607.jpg;77;Femme;['rouge', 'noir', 'bleu']
KVP119;Baskets Adidas Homme Handball Top RM Night Indigo;Adidas;Dcouvrez lñalliance parfaite entre style rtro et innovation moderne avec ces baskets signes Adidas.\n\nConues pour les hommes  la recherche dñune touche sophistique dans leur garde-robe, elles se distinguent par une silhouette inspire des chaussures de handball classiques, sublime par des accents contemporains.\n\nLa matire suprieure en cuir et textile assure une grande durabilit tout en offrant un aspect luxueux, tandis que la doublure textile garantit un confort optimal  chaque pas.\n\nLes clbres 3-Stripes rouges et le logo Trefoil sur la languette et le talon ajoutent une note iconique, renforce par un marquage dor lgant sur le ct.\n\nLa semelle extrieure en caoutchouc procure une adhrence exceptionnelle, idale pour un usage quotidien ou sportif. Grce  leur fermeture  lacets, ces baskets offrent un maintien sr et personnalis.\n\nOptez pour une paire qui allie tradition, qualit et performance, et affirmez votre style avec une pice incontournable dñAdidas, la marque de rfrence pour les amateurs de mode et de sport.\n\nConvient aux hommes, ce modle sduit par son design intemporel et sa polyvalence, parfait pour toutes les occasions.;120;"""[\""38\"",\""39\"",\""40\"",\""41\"",\""42\"",\""43\"",\""44\"",\""45\"",\""46\"",\""47\""]""";https://cdn.etrias.nl/media/cache/product_thumb_md/a/d/adidas-men-handball-top-rm-night-indigo-solar-red-core-white-jr8370.jpg;114;Homme;['rouge', 'blanc']
KVP120;Baskets Adidas Unisexe Handball Spezial Clear Sky;Adidas;Dcouvrez lñalliance parfaite entre hritage sportif et style contemporain avec ces baskets signes par la marque Adidas. Inspires du design emblmatique des annes 70, elles sduisent par leur silhouette rtro et leur lgance intemporelle.\n\nLa matire principale en sude de haute qualit, associe  des empicements synthtiques, offre une sensation de luxe tout en garantissant une grande durabilit.\n\nLa couleur raffine Clear Sky, rehausse par des touches Cream White et Warm Sandstone, confre  ce modle une allure unique et sophistique, idale pour sublimer toutes vos tenues.\n\nLa doublure en textile assure un confort exceptionnel tout au long de la journe, tandis que la fermeture  lacets permet un ajustement personnalis et scuris.\n\nLa semelle extrieure en gomme procure une adhrence optimale sur toutes les surfaces, rendant ces baskets parfaites pour un usage quotidien comme pour les amateurs de vintage sportif.\n\nLes iconiques 3-Stripes latrales et le branding distinctif sur la languette tmoignent de lñauthenticit et du savoir-faire dñAdidas, une marque reconnue mondialement pour ses innovations et son confort ingal.\n\nConvient pour tous, ce modle est un incontournable pour ceux qui recherchent  la fois la performance, le style et le confort.\n\nOptez pour une paire de baskets qui transcende les tendances et affirmez votre passion pour la mode et lñhistoire du sport.;110;"""[\""35\"",\""36\"",\""37\"",\""38\"",\""39\"",\""40\"",\""41\"",\""42\"",\""43\"",\""44\"",\""45\"",\""46\"",\""47\""]""";https://cdn.etrias.nl/media/cache/product_thumb_md/a/d/adidas-unisex-handball-spezial-clear-sky-cream-white-warm-sandstone-js3866.jpg;139;Unisexe;['blanc']
KVP121;Baskets Adidas Unisexe Handball Spezial Cream White;Adidas;Dcouvrez une paire de baskets qui allie parfaitement hritage sportif et modernit. Inspire des modles emblmatiques des annes 70, cette cration sduit par son design rtro revisit et ses finitions soignes.\n\nLa tige en sude de haute qualit, associe  des touches de bleu et de tons sable chaleureux, confre une allure lgante et intemporelle qui sñadapte aussi bien aux tenues dcontractes quñaux looks plus sophistiqus.\n\nLes fameuses trois bandes et le branding subtil tmoignent de lñauthenticit et du savoir-faire de la marque Adidas, rfrence mondiale en matire de style et de performance. Penses pour offrir un confort optimal au quotidien, ces baskets disposent dñune semelle intrieure OrthoLite et dñune doublure textile, garantissant un excellent maintien et un amorti durable.\n\nLa semelle extrieure en gomme assure une adhrence remarquable sur toutes les surfaces, idale pour les dplacements urbains ou les activits sportives. Grce  son systme de laage prcis, elle pouse parfaitement la forme du pied pour un ajustement personnalis. Ce modle unisexe sñadresse  tous ceux qui recherchent une basket polyvalente, confortable et rsolument tendance.\n\nOffrez-vous une pice incontournable, symbole dñauthenticit et dñinnovation, et affirmez votre style avec distinction.;110;"""[\""35\"",\""36\"",\""37\"",\""38\"",\""39\"",\""40\"",\""41\"",\""42\"",\""43\"",\""44\"",\""45\"",\""46\"",\""47\""]""";https://cdn.etrias.nl/media/cache/product_thumb_md/a/d/adidas-unisex-handball-spezial-cream-white-blue-warm-sandstone-js3865.jpg;153;Unisexe;['bleu', 'blanc']
KVP122;Baskets ASICS Femme GT-2160 White;ASICS;Dcouvrez lñalliance parfaite entre la performance et lñlgance avec cette basket issue de la clbre srie GT-2160 de la marque ASICS. Dote dñune tige en mesh et de matriaux synthtiques, elle assure une excellente respirabilit et un confort durable, mme lors des longues journes actives. Sa silhouette raffine et sa couleur White/Rose Water confrent une touche moderne et fminine  toutes vos tenues.\n\nLa technologie de gel amliore, intgre  la semelle intermdiaire, procure une absorption des chocs avance, idale pour protger vos articulations  chaque pas. Le design segment de la semelle intermdiaire favorise une transition fluide du pied et offre une stabilit accrue, que ce soit pour vos sances sportives ou vos activits quotidiennes.\n\nConvient aux femmes recherchant un quilibre parfait entre style, innovation et performance.\n\nOptez pour cette basket pour bnficier du savoir-faire japonais dñASICS et donner une nouvelle dimension  votre exprience sportive et urbaine.;130;"""[\""35\"",\""36\"",\""37\"",\""38\"",\""39\"",\""40\"",\""41\"",\""42\""]""";https://cdn.etrias.nl/media/cache/product_thumb_md/a/s/asics-women-gt-2160-white-rose-water-1203a796-101.jpg;91;Femme;['rose', 'blanc']
KVP123;Baskets Adidas Femme Samba OG Silver Metallic;Adidas;Dcouvrez lñalliance parfaite entre le style rtro et la modernit avec cette paire de baskets signe Adidas. Arborant une finition mtallise argente effet craquel, ce modle attire tous les regards tout en offrant une touche sophistique  vos tenues, quñelles soient dcontractes ou plus tendance.\n\nLa matire en cuir vritable confre non seulement une allure luxueuse, mais garantit galement un confort durable au quotidien. Grce  la doublure synthtique et  la semelle cupsole en caoutchouc, vous bnficiez dñune excellente adhrence et dñun maintien optimal, quelle que soit lñoccasion.\n\nLa fermeture  lacets assure un ajustement personnalis pour un soutien parfait. Cette cration, adapte aux femmes, sduit par son design intemporel et sa capacit  sublimer chaque look. Opter pour cette paire, cñest choisir la qualit et lñinnovation dñune marque emblmatique, reconnue pour ses standards levs en matire de chaussures de sport.\n\nOffrez-vous une pice incontournable qui allie lgance, performance et confort, et affirmez votre style en toute circonstance.;120;"""[\""35\"",\""36\"",\""37\"",\""38\"",\""39\"",\""40\"",\""41\"",\""42\""]""";https://cdn.etrias.nl/media/cache/product_thumb_md/a/d/adidas-women-samba-og-silver-metallic-cloud-white-core-white-jr0035.jpg;88;Femme;['argent', 'blanc']
KVP124;Baskets ASICS Women Skyhand OG Cream;ASICS;Dcouvrez lñalliance parfaite entre le style rtro et lñinnovation moderne avec ces baskets signes par la marque ASICS. Inspires des lgendaires chaussures de handball des annes 90, elles sduisent par leur silhouette pure et leur lgante association de panneaux en cuir synthtique et en sude.\n\nLa couleur Cream / Rainy Lake apporte une touche raffine et intemporelle, idale pour sublimer toutes vos tenues.\n\nLa semelle extrieure en gomme offre une adhrence exceptionnelle, tandis que lñintgration dñun coin de talon en EVA et la technologie FLYTEFOAM PROPEL assurent un amorti dynamique et un confort optimal  chaque pas. Une coque de talon modernise et une semelle intrieure premium compltent cette exprience de port luxueuse.\n\nConvient aux femmes  la recherche dñun quilibre entre la performance, le confort et la sophistication, ce modle est un choix incontournable pour celles qui souhaitent allier mode et fonctionnalit au quotidien.\n\nOffrez-vous lñexcellence japonaise et laissez-vous sduire par la qualit et le savoir-faire dñASICS.;94,99;"""[\""35\"",\""36\"",\""37\"",\""38\"",\""39\"",\""40\"",\""41\"",\""42\"",\""43\"",\""44\"",\""45\"",\""46\"",\""47\""]""";https://cdn.etrias.nl/media/cache/product_thumb_md/a/s/asics_women_skyhand_og_cream_rainy_lake_6.jpg;132;Unisexe;['blanc']
KVP125;adidas Femme adizero EVO SL Blanc Nuage Mdofis;Adidas;Dcouvrez lñexcellence du design sportif avec ces baskets issues dñune collection emblmatique, parfaites pour les femmes  la recherche de performance et de style.\n\nLa technologie de semelle intermdiaire  mousse ractive assure un retour dñnergie optimal  chaque foule, tandis que lñamorti avanc Lightstrike Pro garantit un confort exceptionnel, mme lors dñune utilisation prolonge.\n\nLa prsence de caoutchouc Continental  lñavant du pied offre une adhrence suprieure, idale pour voluer en toute confiance sur diffrentes surfaces. Avec un poids plume dñenviron 188 grammes, ces baskets se distinguent par leur lgret, ce qui favorise une sensation de libert et de dynamisme.\n\nLa matire, compose de synthtique et de textile, ainsi quñune doublure en textile, procure une sensation agrable et respirante.\n\nConues dans une optique cologique, elles intgrent au moins 20 % de matriaux recycls, pour un choix responsable sans compromis sur la qualit.\n\nLeur couleur raffine, alliant Cloud White, Blue Fusion et Off White, leur confre une allure moderne et polyvalente, sñadaptant parfaitement  un look sportif ou dcontract. Inspires par les modles de course de haute performance, ces baskets incarnent tout le savoir-faire dñAdidas, une marque reconnue pour son innovation et son confort ingal. Faites le choix dñun produit qui allie durabilit, esthtique et performance pour accompagner chacune de vos journes actives.;160;"""[\""35\"",\""36\"",\""37\"",\""38\"",\""39\"",\""40\"",\""41\"",\""42\""]""";https://cdn.etrias.nl/media/cache/product_thumb_md/a/d/adidas-women-adizero-evo-sl-cloud-white-blue-fusion-off-white-js4454.jpg;84;Femme;['bleu', 'blanc']
KVP126;adidas Homme adizero EVO SL Blanc Nuage;Adidas;Dcouvrez lñalliance parfaite entre innovation, style et performance avec ces baskets signes Adidas.\n\nConues pour les hommes  la recherche dñun confort exceptionnel et dñun design moderne, elles se distinguent par leur lgret remarquable et leur amorti ractif, idals pour accompagner chaque foule avec dynamisme.\n\nLa matire suprieure, compose de synthtique et de textile, garantit une excellente respirabilit tout en offrant un soutien optimal du pied.\n\nLa fermeture  lacets assure un ajustement prcis, tandis que la doublure textile enveloppe le pied dans un confort durable. Inspires des modles de course les plus performants, ces baskets intgrent une semelle intermdiaire en mousse LIGHTSTRIKE PRO, procurant un retour dñnergie suprieur et une sensation de lgret incomparable. Avec un drop de 6 mm, elles conviennent parfaitement aux sportifs exigeants qui souhaitent allier style et efficacit. De plus, leur conception intgre au moins 20 % de matriaux recycls, faisant de ce modle un choix responsable pour ceux qui souhaitent rduire leur impact environnemental sans compromis sur la qualit.\n\nLes couleurs Cloud White, Royal Blue et Pure Ruby apportent une touche dñlgance et de modernit  toutes vos tenues.\n\nOptez pour ces baskets Adidas et profitez dñune exprience unique, o confort, durabilit et esthtique se conjuguent au quotidien.;150;"""[\""38\"",\""39\"",\""40\"",\""41\"",\""42\"",\""43\"",\""44\"",\""45\"",\""46\"",\""47\""]""";https://cdn.etrias.nl/media/cache/product_thumb_md/a/d/adidas-men-adizero-evo-sl-cloud-white-royal-blue-pure-ruby-js4494.jpg;62;Homme;['bleu', 'blanc']
KVP127;Baskets Adidas Enfant Campus 00s Multicolor;Adidas;Dcouvrez une paire de baskets pour enfants qui allie parfaitement style, confort et originalit. Issue de la collaboration avec Liberty London, cette chaussure arbore une lgante impression florale inspire des motifs colors des annes 1920, apportant une touche artistique et tendance  chaque tenue. Son dessus en textile et cuir offre une finition raffine et une grande durabilit, tandis que la doublure textile assure un confort optimal tout au long de la journe. Facile  enfiler grce  un systme de laage lastique, elle permet aux enfants de gagner en autonomie.\n\nLa semelle extrieure en caoutchouc, dote dñun motif  chevrons, garantit une adhrence et une stabilit remarquables, idales pour accompagner les petits dans toutes leurs aventures. Ce modle low-top, sign par la marque Adidas, est conu pour offrir un maintien agrable et un look unique, parfait pour un usage quotidien.\n\nOptez pour une basket au design iconique, qui marie qualit, performance et style distinctif, et faites le choix dñun produit incontournable pour les jeunes amateurs de mode et de confort.;75;"""[\""16\"",\""17\"",\""18\"",\""19\"",\""20\"",\""21\"",\""22\"",\""23\"",\""24\"",\""25\"",\""26\"",\""27\"",\""28\"",\""29\"",\""30\"",\""31\"",\""32\"",\""33\"",\""34\"",\""35\"",\""36\"",\""37\""]""";https://cdn.etrias.nl/media/cache/product_thumb_md/a/d/adidas-kids-campus-00s-multicolor-off-white-gum-jh5805.jpg;235;Enfant;['noir', 'blanc']
KVP128;Baskets Adidas Women Handball Spezial Clear Pink;Adidas;Dcouvrez lñlgance intemporelle allie  la performance sportive avec cette paire de baskets signe Adidas.\n\nConue pour les femmes qui recherchent  la fois style et confort, cette cration se distingue par un dessus en sude raffin et une doublure synthtique offrant un maintien optimal tout au long de la journe. Sa semelle extrieure en gomme assure une adhrence remarquable et une durabilit suprieure, idales pour un usage quotidien.\n\nLa palette de couleurs, mlant des tons roses clairs, verts et des touches dores mtallises, apporte une note de fracheur et dñoriginalit  toutes vos tenues.\n\nLes fameuses 3 bandes contrastes et le logo Trefoil sur la languette soulignent le caractre authentique de la marque Adidas, tandis que le nom dor sur le ct latral ajoute une touche de sophistication.\n\nParfaite pour sublimer un look urbain ou apporter une touche sportive chic  votre garde-robe, cette basket est un vritable incontournable pour toutes celles qui veulent associer qualit, confort et design emblmatique.\n\nOffrez-vous une exprience unique o mode et performance ne font quñun.;110;"""[\""35\"",\""36\"",\""37\"",\""38\"",\""39\"",\""40\"",\""41\"",\""42\"",\""43\"",\""44\"",\""45\"",\""46\"",\""47\""]""";https://cdn.etrias.nl/media/cache/product_thumb_md/a/d/adidas-women-handball-spezial-clear-pink-green-gold-metallic-jr7347.jpg;155;Unisexe;['vert', 'rose', 'or']
KVP129;Baskets Adidas Unisexe Samba XLG Wonder White;Adidas;Dcouvrez lñalliance parfaite entre tradition et modernit avec ces baskets signes Adidas, une marque emblmatique reconnue pour son savoir-faire et son design innovant. Ce modle revisite un classique intemporel en y intgrant des dtails contemporains qui sduiront tous les amateurs de mode et de sport.\n\nLa matire suprieure en cuir assure une lgance durable et un confort optimal, tandis que la doublure synthtique garantit une sensation agrable au quotidien.\n\nLes finitions raffines, comme la clbre T-neus, les 3 bandes iconiques et les touches de branding latral, confrent  cette paire un style unique et reconnaissable.\n\nLa nouvelle semelle, repense pour offrir un look frais et une excellente adhrence, fait de ces baskets un choix idal pour toutes les occasions. Polyvalentes et adaptes  tous, elles sñaccordent facilement avec toutes les tenues et deviennent rapidement un incontournable de toute collection de sneakers.\n\nOptez pour la qualit, lñauthenticit et lñinnovation, et affirmez votre style avec cette cration Adidas qui allie parfaitement hritage et tendances actuelles.;130;"""[\""35\"",\""36\"",\""37\"",\""38\"",\""39\"",\""40\"",\""41\"",\""42\"",\""43\"",\""44\"",\""45\"",\""46\"",\""47\""]""";https://cdn.etrias.nl/media/cache/product_thumb_md/a/d/adidas-unisex-samba-xlg-wonder-white-core-black-gum-js3828.jpg;144;Unisexe;['noir', 'blanc']
KVP130;Baskets Adidas Unisex Samba XLG Night Indigo;Adidas;Dcouvrez lñalliance parfaite entre tradition et modernit avec cette paire de baskets signe Adidas. Ce modle revisite un classique intemporel en y intgrant des dtails contemporains, pour sduire les amateurs de mode urbaine et de qualit.\n\nLa matire suprieure en cuir premium assure une grande robustesse, tandis que la doublure synthtique procure un confort optimal tout au long de la journe.\n\nLa semelle revisite apporte une touche de fracheur et de dynamisme, tout en conservant les lments emblmatiques de la marque, comme le clbre logo Trefoil sur la languette et la semelle intrieure, ainsi que le marquage latral distinctif.\n\nLa couleur lgante Night Indigo, associe au Cream White et au Gum, confre  cette basket une polyvalence remarquable, adapte  toutes vos tenues et  toutes les occasions.\n\nConvient pour un public unisexe, ce modle est idal pour ceux qui recherchent un quilibre entre style authentique et innovations actuelles. Choisir ces baskets, cñest opter pour lñexcellence et lñhritage dñAdidas, une marque reconnue mondialement pour ses crations alliant esthtique, confort et performance.;130;"""[\""35\"",\""36\"",\""37\"",\""38\"",\""39\"",\""40\"",\""41\"",\""42\"",\""43\"",\""44\"",\""45\"",\""46\"",\""47\""]""";https://cdn.etrias.nl/media/cache/product_thumb_md/a/d/adidas-unisex-samba-xlg-night-indigo-cream-white-gum-js3827.jpg;116;Unisexe;['noir', 'blanc']
KVP131;Baskets adidas Unisexe Samba XLG Gris One;Adidas;Dcouvrez un modle emblmatique revisit qui incarne parfaitement lñalliance entre tradition et modernit. Cette paire de baskets sduit par son design intemporel, rehauss de dtails contemporains qui apportent une touche de fracheur  votre style.\n\nLa matire suprieure en cuir de haute qualit assure durabilit et lgance, tandis que la doublure synthtique garantit un confort optimal tout au long de la journe.\n\nLa semelle revisite offre non seulement une allure moderne, mais amliore galement lñadhrence et la stabilit.\n\nLes lments iconiques de la marque, tels que le logo Trefoil sur la languette et la semelle intrieure, ainsi que le branding latral dor, soulignent le riche hritage dñAdidas. Ces baskets, adaptes aussi bien aux hommes quñaux femmes, sont idales pour ceux qui recherchent une chaussure polyvalente,  la fois tendance et fonctionnelle.\n\nParfaites pour un usage quotidien, elles sñintgrent facilement  toutes vos tenues, quñelles soient sportives ou urbaines.\n\nOptez pour lñexcellence et affirmez votre style avec ce modle incontournable, vritable must-have pour les passionns de sneakers et les amateurs de mode exigeants.;130;"""[\""35\"",\""36\"",\""37\"",\""38\"",\""39\"",\""40\"",\""41\"",\""42\"",\""43\"",\""44\"",\""45\"",\""46\"",\""47\""]""";https://cdn.etrias.nl/media/cache/product_thumb_md/a/d/adidas-unisex-samba-xlg-grey-one-better-scarlet-gum-js3826.jpg;139;Unisexe;['gris', 'noir', 'rouge']
KVP132;Baskets Adidas Women Samba OG Cloud White;Adidas;Dcouvrez lñlgance intemporelle allie  une touche contemporaine grce  ces baskets signes Adidas. Ce modle sduit par sa silhouette raffine et sa version Mary Jane tendance, parfaite pour les femmes  la recherche dñun style unique.\n\nLa matire suprieure en cuir confre une allure luxueuse et assure une grande durabilit, tandis que la doublure synthtique garantit un confort optimal  chaque pas.\n\nLes fameuses 3-Stripes  la finition dentele et le logo Samba appos sur le ct soulignent lñauthenticit et lñhritage sportif de la marque.\n\nLa combinaison de couleurs Cloud White, Alumina et Core Black sñassocie facilement  toutes les tenues, quñil sñagisse dñun look quotidien ou dñune inspiration streetwear. Ce modle sñadresse  celles qui souhaitent allier qualit, style et histoire sportive, tout en profitant dñune chaussure polyvalente et rsistante.\n\nOffrez-vous une pice emblmatique, conue pour sublimer vos tenues et affirmer votre personnalit  chaque occasion.;90;"""[\""35\"",\""36\"",\""37\"",\""38\"",\""39\"",\""40\"",\""41\"",\""42\"",\""43\"",\""44\"",\""45\"",\""46\"",\""47\""]""";https://cdn.etrias.nl/media/cache/product_thumb_md/a/d/adidas-women-samba-og-cloud-white-alumina-core-black-jr1402.jpg;168;Unisexe;['noir', 'blanc']
KVP133;Baskets Adidas Women Samba LT Core Black;Adidas;Dcouvrez lñlgance intemporelle allie  lñhritage sportif avec ces baskets signes par la clbre marque Adidas. Ce modle pour femmes sduit par son design minimaliste, inspir des chaussures de football classiques, revisit pour une allure contemporaine.\n\nLa matire suprieure en cuir offre non seulement une finition luxueuse, mais aussi un confort optimal  chaque pas.\n\nLes lignes de couture raffines et la languette replie orne du logo Trefoil tmoignent dñune attention particulire aux dtails, tandis que la doublure synthtique assure une sensation agrable tout au long de la journe.\n\nLa semelle extrieure en caoutchouc garantit une adhrence fiable, idale aussi bien pour une promenade en ville quñune soire dcontracte.\n\nLa combinaison lgante des couleurs noir, blanc crme et gomme fait de cette paire un choix polyvalent qui sñaccorde facilement avec toutes les tenues. Pour celles qui recherchent la qualit, le style intemporel et une touche de raffinement sportif, ces baskets sont un incontournable du vestiaire moderne.\n\nOffrez-vous lñexcellence dñAdidas, o la performance rencontre la mode.;130;"""[\""35\"",\""36\"",\""37\"",\""38\"",\""39\"",\""40\"",\""41\"",\""42\"",\""43\"",\""44\"",\""45\"",\""46\"",\""47\""]""";https://cdn.etrias.nl/media/cache/product_thumb_md/a/d/adidas-women-samba-lt-core-black-cream-white-gum-js3937.jpg;138;Unisexe;['noir', 'blanc']
KVP134;Baskets Adidas Junior Handball Spezial Grey Two;Adidas;Dcouvrez lñalliance parfaite entre hritage sportif et innovation moderne avec ces baskets pour enfants. Inspires dñun design emblmatique des annes 70, elles sduisent par leur allure rtro revisite avec des matriaux contemporains.\n\nLa tige en cuir et matire synthtique offre  la fois durabilit et lgance, tandis que la doublure synthtique assure un confort optimal tout au long de la journe.\n\nLa semelle extrieure en caoutchouc garantit une excellente adhrence, idale pour accompagner les plus jeunes dans toutes leurs aventures,  lñcole comme  lñextrieur.\n\nLes dtails authentiques, tels que le logo Trefoil, lñinscription SPEZIAL et les touches dores raffines sur la languette, apportent une finition premium et distinctive. Grce  leur style intemporel et  leur qualit suprieure, ces baskets sont un choix incontournable pour enrichir la collection de chaussures de chaque enfant.\n\nOptez pour un modle qui incarne  la fois la tradition et la performance, sign par une marque de renomme mondiale.;90;"""[\""35\"",\""36\"",\""37\"",\""38\"",\""39\"",\""40\"",\""41\"",\""42\"",\""43\"",\""44\"",\""45\"",\""46\"",\""47\""]""";https://cdn.etrias.nl/media/cache/product_thumb_md/a/d/adidas-junior-handball-spezial-grey-two-pure-teal-gum-jp7997.jpg;134;Unisexe;['gris', 'noir', 'menthol', 'bleu']
KVP135;Baskets ASICS Kids GEL-1130 PS Black;ASICS;Offrez  vos enfants un quilibre parfait entre style rtro et innovation technologique avec ces baskets signes ASICS.\n\nLa combinaison dñun dessus en cuir lgant et de parties en mesh respirant garantit une excellente ventilation, tout en assurant une grande durabilit pour accompagner les aventures quotidiennes. Grce  lñintgration de la technologie GEL dans la semelle intermdiaire et le talon, chaque pas bnficie dñun amorti avanc, essentiel pour le confort et la protection des pieds en pleine croissance. Le systme de soutien TRUSSTIC, quant  lui, apporte une stabilit accrue, idale pour les enfants actifs qui recherchent scurit et maintien, que ce soit  lñcole ou lors dñactivits sportives. Inspires de lñesthtique du running des annes 2000, ces baskets sduisent par leur allure intemporelle et leur modernit. De plus, le processus de teinture respectueux de lñenvironnement contribue  rduire lñempreinte carbone, offrant ainsi une option responsable sans compromis sur la qualit. Choisir ce modle, cñest opter pour la fiabilit, le confort et un design emblmatique, tout en profitant du savoir-faire reconnu de la marque japonaise ASICS.\n\nConvient parfaitement aux jeunes sportifs  la recherche de la performance et du style.;75;"""[\""16\"",\""17\"",\""18\"",\""19\"",\""20\"",\""21\"",\""22\"",\""23\"",\""24\"",\""25\"",\""26\"",\""27\"",\""28\"",\""29\"",\""30\"",\""31\"",\""32\"",\""33\"",\""34\"",\""35\"",\""36\"",\""37\""]""";https://cdn.etrias.nl/media/cache/product_thumb_md/a/s/asics-kids-gel-1130-ps-black-pure-silver-1204a170-001.jpg;235;Enfant;['noir', 'argent']
KVP136;Baskets ASICS Enfant GEL-1130 PS Blanc;ASICS;Offrez  votre enfant le parfait quilibre entre style rtro et performance moderne avec ces baskets signes ASICS.\n\nConues pour rpondre aux besoins des jeunes actifs, elles associent un dessus en cuir de qualit suprieure  des empicements en mesh respirant, garantissant fracheur et confort tout au long de la journe.\n\nLeur semelle intgre la clbre technologie GEL, assurant une absorption avance des chocs sous le pied et au niveau du talon, pour un soutien durable  chaque pas. Le systme TRUSSTIC renforce la stabilit, offrant une scurit optimale lors de toutes les activits, du jeu au sport. Inspires de lñesthtique running des annes 2000, ces baskets sñimposent comme un choix tendance, tout en restant fonctionnelles. De plus, leur processus de fabrication limite lñempreinte carbone, pour un achat plus respectueux de lñenvironnement. Idales pour les enfants qui recherchent confort, soutien et style dans une seule paire de chaussures, ces baskets incarnent lñesprit dñexcellence et dñinnovation de la marque japonaise ASICS. Elles conviennent parfaitement  toutes les aventures du quotidien.;75;"""[\""16\"",\""17\"",\""18\"",\""19\"",\""20\"",\""21\"",\""22\"",\""23\"",\""24\"",\""25\"",\""26\"",\""27\"",\""28\"",\""29\"",\""30\"",\""31\"",\""32\"",\""33\"",\""34\"",\""35\"",\""36\"",\""37\""]""";https://cdn.etrias.nl/media/cache/product_thumb_md/a/s/asics-kids-gel-1130-ps-white-asics-blue-1204a170-102.jpg;196;Enfant;['bleu', 'blanc']
KVP137;Baskets ASICS Enfant GEL-1130 PS White;ASICS;Offrez  votre enfant le parfait quilibre entre style rtro et innovation technologique avec ces baskets signes ASICS.\n\nConues pour accompagner les plus jeunes dans toutes leurs aventures, elles associent un design inspir de lñesthtique running des annes 2000  une conception moderne axe sur le confort et la performance. Le dessus en mesh respirant et en cuir assure une ventilation optimale et une grande durabilit, tandis que la technologie GEL intgre dans la semelle intermdiaire et le talon procure un amorti avanc, absorbant efficacement les chocs  chaque pas. Grce au systme de soutien TRUSSTIC, la stabilit est renforce pour offrir un maintien fiable lors des activits sportives ou des journes dynamiques.\n\nLeur procd de teinture respectueux de lñenvironnement contribue  rduire lñempreinte carbone, faisant de ce modle un choix responsable. Idales pour les enfants actifs, ces baskets garantissent un confort durable, une sensation de soutien constante et un look tendance, tout en refltant lñengagement dñASICS envers la qualit et lñinnovation.\n\nConviennent aux jeunes sportifs en qute de performance, de style et de bien-tre au quotidien.;75;"""[\""16\"",\""17\"",\""18\"",\""19\"",\""20\"",\""21\"",\""22\"",\""23\"",\""24\"",\""25\"",\""26\"",\""27\"",\""28\"",\""29\"",\""30\"",\""31\"",\""32\"",\""33\"",\""34\"",\""35\"",\""36\"",\""37\""]""";https://cdn.etrias.nl/media/cache/product_thumb_md/a/s/asics-kids-gel-1130-ps-white-cosmos-1204a170-103.jpg;266;Enfant;['blanc']
KVP138;askets ASICS Enfant GEL-1130 GS Black;ASICS;Offrez  vos enfants le parfait quilibre entre style intemporel et performance moderne avec cette paire de baskets signe par la marque ASICS. Inspire de lñesthtique du running des annes 2000, cette chaussure sduit par son allure rtro et sa conception innovante. Grce  un dessus associant cuir et mesh respirant, elle garantit une excellente ventilation et une durabilit remarquable, mme lors dñactivits intenses.\n\nLa clbre technologie GEL intgre dans la semelle intermdiaire et au niveau du talon assure un amorti avanc, rduisant efficacement les chocs  chaque pas pour un confort optimal tout au long de la journe. Le systme de soutien TRUSSTIC renforce la stabilit, offrant ainsi une scurit supplmentaire, que ce soit pour le sport ou pour un usage quotidien. Son processus de teinture rduit lñempreinte carbone, faisant de cette chaussure un choix responsable pour les parents soucieux de lñenvironnement.\n\nConvient aux enfants  la recherche de maintien, de confort et dñun style affirm, cette basket ASICS est idale pour accompagner toutes les aventures, du terrain de jeu  la vie de tous les jours.;85;"""[\""16\"",\""17\"",\""18\"",\""19\"",\""20\"",\""21\"",\""22\"",\""23\"",\""24\"",\""25\"",\""26\"",\""27\"",\""28\"",\""29\"",\""30\"",\""31\"",\""32\"",\""33\"",\""34\"",\""35\"",\""36\"",\""37\""]""";https://cdn.etrias.nl/media/cache/product_thumb_md/a/s/asics-kids-gel-1130-gs-black-pure-silver-1204a169-001.jpg;218;Enfant;['noir', 'argent']
KVP139;Baskets ASICS Enfant GEL-1130 GS White;ASICS;Offrez  vos enfants une exprience de marche et de course incomparable grce  ces baskets signes ASICS, alliant lgance rtro et technologies de pointe. Inspires de lñesthtique running des annes 2000, elles sduisent par leur design intemporel et leur association de matires premium : un dessus en cuir robuste et des empicements en mesh respirant assurent une ventilation optimale tout au long de la journe.\n\nLa prsence de la technologie GEL dans la semelle intermdiaire et au talon garantit une absorption avance des chocs, protgeant ainsi les pieds lors de chaque mouvement. Le systme de soutien TRUSSTIC offre une stabilit accrue, idale pour les jeunes actifs en qute de scurit et de confort, que ce soit lors dñactivits sportives ou au quotidien.\n\nConues pour durer, ces baskets offrent un maintien durable et un confort exceptionnel, tout en respectant lñenvironnement grce  un procd de teinture innovant rduisant les missions de carbone. Faites le choix dñun modle qui allie style, performance et responsabilit, parfait pour accompagner les enfants dans toutes leurs aventures.;85;"""[\""16\"",\""17\"",\""18\"",\""19\"",\""20\"",\""21\"",\""22\"",\""23\"",\""24\"",\""25\"",\""26\"",\""27\"",\""28\"",\""29\"",\""30\"",\""31\"",\""32\"",\""33\"",\""34\"",\""35\"",\""36\"",\""37\""]""";https://cdn.etrias.nl/media/cache/product_thumb_md/a/s/asics-kids-gel-1130-gs-white-asics-blue-1204a169-102.jpg;225;Enfant;['bleu', 'blanc']
KVP140;Baskets ASICS Kids GEL-1130 GS White;ASICS;Offrez  votre enfant le parfait quilibre entre style rtro et performance moderne avec ces baskets signes ASICS.\n\nConues spcialement pour les jeunes sportifs, elles associent un design inspir de la fin des annes 2020  une technologie de pointe. Le dessus en cuir et mesh respirant, agrment de superpositions en sude, assure une ventilation optimale et un confort durable tout au long de la journe. Grce  lñintgration de la technologie GEL dans la semelle intermdiaire et au talon, chaque pas bnficie dñune absorption avance des chocs, idale pour les activits dynamiques. Le systme de soutien TRUSSTIC amliore la stabilit, permettant aux enfants de bouger en toute confiance, que ce soit  lñcole, au sport ou lors de leurs loisirs.\n\nLa conception robuste et la qualit des matriaux garantissent une longue dure de vie, tandis que le procd de teinture respectueux de lñenvironnement rduit lñempreinte carbone. Ces baskets sont le choix incontournable pour les parents  la recherche de chaussures alliant scurit, confort et esthtique tendance pour leurs enfants.\n\nOffrez-leur la signature ASICS, symbole dñinnovation et de bien-tre, pour accompagner toutes leurs aventures quotidiennes.;85;"""[\""16\"",\""17\"",\""18\"",\""19\"",\""20\"",\""21\"",\""22\"",\""23\"",\""24\"",\""25\"",\""26\"",\""27\"",\""28\"",\""29\"",\""30\"",\""31\"",\""32\"",\""33\"",\""34\"",\""35\"",\""36\"",\""37\""]""";https://cdn.etrias.nl/media/cache/product_thumb_md/a/s/asics-kids-gel-1130-gs-white-cosmos-1204a169-103.jpg;197;Enfant;['blanc']
KVP141;Baskets Adidas Femme Handball Spezial Core Black;Adidas;Dcouvrez lñlgance intemporelle allie  la performance avec ces baskets signes par la clbre marque Adidas.\n\nConues spcialement pour les femmes, elles se distinguent par leur matire premium : une tige en cuir raffine associe  une doublure synthtique pour un confort optimal tout au long de la journe. Le logo Trefoil emblmatique sur la languette et lñinscription dore sur le ct apportent une touche exclusive et sophistique  ce modle.\n\nLa combinaison de couleurs classiques, rehausse dñun subtil accent mtallique, permet dñassocier facilement ces baskets  toutes vos tenues, quñelles soient sportives ou urbaines. Idales pour celles qui recherchent la qualit, la polyvalence et le style, ces chaussures incarnent lñesprit innovant et le savoir-faire reconnu dñAdidas.\n\nOffrez-vous une paire qui allie mode et fonctionnalit, parfaite pour accompagner votre quotidien avec distinction.;110;"""[\""35\"",\""36\"",\""37\"",\""38\"",\""39\"",\""40\"",\""41\"",\""42\""]""";https://cdn.etrias.nl/media/cache/product_thumb_md/a/d/adidas-women-handball-spezial-core-black-off-white-silver-metallic-jr3723.jpg;87;Femme;['noir', 'argent', 'blanc']
KVP142;Baskets Adidas Femme Handball Spezial Glow Pink;Adidas;Dcouvrez lñlgance intemporelle allie au confort moderne avec ces baskets signes par la marque Adidas. Inspires par le style emblmatique des annes 70, elles sduisent par leur allure rtro et leur design raffin.\n\nLa matire suprieure en cuir de haute qualit, associe  une doublure synthtique, assure un maintien optimal et une sensation de douceur tout au long de la journe.\n\nLa palette de couleurs vibrante, mlant des nuances Glow Pink et Flash Orange, apporte une touche audacieuse et originale  toutes vos tenues.\n\nLes dtails emblmatiques de la gamme Spezial, tels que le logo trefoil distinctif sur la languette et lñinscription dore sur le ct, soulignent lñauthenticit et le prestige de ce modle.\n\nConvient aux femmes recherchant un quilibre parfait entre style, qualit et confort, ces baskets sont idales pour un usage quotidien ou pour affirmer leur personnalit avec un accessoire tendance. Avec Adidas, profitez dñun savoir-faire reconnu et dñune exprience unique  chaque pas.;110;"""[\""35\"",\""36\"",\""37\"",\""38\"",\""39\"",\""40\"",\""41\"",\""42\""]""";https://cdn.etrias.nl/media/cache/product_thumb_md/a/d/adidas-women-handball-spezial-glow-pink-flash-orange-gum-jr3606.jpg;124;Femme;['noir', 'orange', 'rose']
KVP143;Baskets Adidas Femmes Samba Original x Liberty London;Adidas;Dcouvrez une cration unique qui marie le patrimoine emblmatique dñune grande marque sportive  lñlgance artistique britannique. Cette paire de baskets sduit par son design exclusif, fruit de la collaboration avec un clbre studio londonien, offrant un motif raffin et contemporain.\n\nConfectionne avec une tige en textile de haute qualit, elle est sublime par les trois bandes en cuir et un dtail en or sur la languette, symboles du savoir-faire et du luxe. Sa semelle extrieure en gomme assure un confort optimal et une excellente adhrence, idale pour un usage quotidien. Lñintrieur en textile promet une sensation agrable  chaque pas, tandis que la silhouette classique revisite apporte une touche dñoriginalit  toutes vos tenues.\n\nParfaite pour les femmes soucieuses de leur style, cette basket allie tradition, innovation et qualit, faisant dñelle un choix incontournable pour celles qui recherchent une chaussure polyvalente, lgante et tendance.;130;"""[\""35\"",\""36\"",\""37\"",\""38\"",\""39\"",\""40\"",\""41\"",\""42\""]""";https://cdn.etrias.nl/media/cache/product_thumb_md/a/d/adidas-women-samba-og-cloud-white-cream-white-better-scarlet-jr8841.jpg;87;Femme;[]
KVP144;Baskets Adidas Femme Samba OG Cloud White;Adidas;Dcouvrez lñlgance intemporelle et la performance moderne runies dans ces baskets signes par la clbre marque Adidas.\n\nConues spcialement pour les femmes, elles incarnent parfaitement lñalliance du style et du confort.\n\nLeur matire suprieure en cuir offre une finition raffine et une grande rsistance  lñusure quotidienne, tandis que la doublure synthtique assure un confort optimal  chaque pas. Lñiconique silhouette de ce modle, rehausse par les 3-Stripes denteles et le nom emblmatique sur le ct, confre une touche dñoriginalit  toutes vos tenues.\n\nLa semelle extrieure en gomme robuste garantit une adhrence fiable et une durabilit accrue, idale pour un usage quotidien. Inspire du style Mary Jane, cette basket sñadapte  toutes les occasions, du look dcontract au plus sophistiqu.\n\nOptez pour une pice incontournable qui sñintgre facilement dans toute garde-robe et profitez dñun design emblmatique qui traverse les tendances.\n\nConvient parfaitement aux femmes recherchant une combinaison de mode, de fonctionnalit et de qualit suprieure, ce modle est un choix judicieux pour celles qui souhaitent allier lgance et performance au quotidien.;90;"""[\""35\"",\""36\"",\""37\"",\""38\"",\""39\"",\""40\"",\""41\"",\""42\""]""";https://cdn.etrias.nl/media/cache/product_thumb_md/a/d/adidas-women-samba-og-cloud-white-carbon-core-black-jq6445.jpg;77;Femme;['noir', 'blanc']
KVP145;Baskets Adidas Unisexe Samba OG Blanc Merveille;Adidas;Dcouvrez lñalliance parfaite entre lñhritage sportif et le style contemporain avec ces baskets signes par la clbre marque Adidas. Inspires par les chaussures de football en salle des annes 50, elles incarnent une lgance intemporelle tout en offrant une touche moderne grce  leur design raffin.\n\nLa matire principale, un cuir lisse de haute qualit, enveloppe le pied pour un confort exceptionnel et une durabilit remarquable.\n\nLes trois bandes denteles emblmatiques et la semelle extrieure en gomme assurent une adhrence optimale, idale pour un usage quotidien.\n\nLa pointe renforce protge efficacement le pied, tandis que la fermeture  lacets complte garantit un ajustement parfait.\n\nLes dtails subtils, tels que lñinscription dore sur le ct et le contraste des couleurs, confrent  ce modle une allure unique et sophistique.\n\nConvient pour un public unisexe, ce modle sduit aussi bien les amateurs de mode rtro que les passionns de streetwear actuel. Opter pour ces baskets, cñest choisir lñexcellence dñAdidas, une marque reconnue mondialement pour son innovation, son confort ingal et son design distinctif.\n\nOffrez-vous une paire incontournable qui traverse les gnrations et sublime chaque tenue avec authenticit et assurance.;120;"""[\""35\"",\""36\"",\""37\"",\""38\"",\""39\"",\""40\"",\""41\"",\""42\"",\""43\"",\""44\"",\""45\"",\""46\"",\""47\""]""";https://cdn.etrias.nl/media/cache/product_thumb_md/a/d/adidas-unisex-samba-og-wonder-white-shadow-red-gum-js3830.jpg;133;Unisexe;['rouge', 'noir', 'blanc']
KVP146;Baskets Adidas Femme Samba LT Better carlate;Adidas;Dcouvrez lñalliance parfaite entre le style rtro et le confort moderne avec cette paire de baskets signe par la marque Adidas. Inspire dñun design iconique des annes 60, cette chaussure sduit par son allure intemporelle et ses finitions soignes.\n\nLa matire principale, un cuir souple de haute qualit, assure une grande durabilit tout en offrant une lgance discrte.\n\nLes fameuses 3 bandes distinctives de la marque, subtilement apposes sur les cts, tmoignent de lñauthenticit et du savoir-faire Adidas.\n\nLa semelle extrieure en caoutchouc garantit une adhrence fiable sur toutes les surfaces, tandis que la semelle intrieure OrthoLite procure un amorti optimal et un confort exceptionnel, mme lors de longues journes actives.\n\nLa doublure synthtique douce et la fermeture  lacets permettent un ajustement personnalis et un maintien sr. Ces baskets conviennent parfaitement aux femmes  la recherche dñune chaussure polyvalente, aussi adapte  un usage quotidien quñ une touche mode affirme. Opter pour ce modle, cñest choisir la qualit, le confort et lñhritage dñune marque emblmatique, tout en ajoutant une pice incontournable  votre collection de chaussures.;130;"""[\""35\"",\""36\"",\""37\"",\""38\"",\""39\"",\""40\"",\""41\"",\""42\""]""";https://cdn.etrias.nl/media/cache/product_thumb_md/a/d/adidas-women-samba-lt-better-scarlet-silver-metallic-gum-js3938.jpg;93;Femme;['gris', 'noir', 'argent']
KVP147;Baskets Adidas Femme Handball Spezial Bleu Glow;Adidas;Dcouvrez lñalliance parfaite entre le style rtro et lñlgance contemporaine avec ces baskets pour femmes signes par la clbre marque Adidas. Inspires des modles de sport des annes 70 et 90, elles se distinguent par leur esthtique unique, mlant une teinte bleue vibrante  des touches de jaune clatant et  des dtails mtalliss raffins. Fabriques avec un dessus en cuir de haute qualit, elles garantissent une durabilit remarquable, tandis que la doublure synthtique offre un confort optimal tout au long de la journe.\n\nLes iconiques 3-Stripes et le lettrage dor sur le ct rappellent lñhritage et lñinnovation de la marque.\n\nLa semelle extrieure en gomme assure une excellente adhrence, idale pour une utilisation quotidienne en ville. Grce  leur fermeture complte  lacets, ces baskets offrent un ajustement parfait et un maintien fiable. Ce modle sduit par son look casual et rtro, tout en rpondant aux exigences de la mode actuelle.\n\nConvient  toutes celles qui recherchent une combinaison intemporelle de style, de confort et de qualit suprieure.\n\nAdoptez une pice incontournable qui rehaussera chacune de vos tenues avec une touche sportive et sophistique.;110;"""[\""35\"",\""36\"",\""37\"",\""38\"",\""39\"",\""40\"",\""41\"",\""42\""]""";https://cdn.etrias.nl/media/cache/product_thumb_md/a/d/adidas-women-handball-spezial-blue-glow-bright-yellow-gold-metallic-jr7351.jpg;80;Femme;['jaune', 'or', 'bleu']
KVP148;Baskets Adidas Femme Gazelle Indoor Rouge Lucide;Adidas;Dcouvrez lñlgance intemporelle et le confort exceptionnel de ces baskets issues de la clbre marque Adidas. Inspires des silhouettes emblmatiques des annes 70 et revisites avec une touche de style des annes 90, elles incarnent parfaitement lñhritage sportif et lñinnovation pour lesquels Adidas est reconnu.\n\nLa matire suprieure en cuir premium offre une allure raffine et durable, tandis que la doublure en cuir et en synthtique assure un maintien optimal tout au long de la journe.\n\nLes clbres 3 bandes contrastes et le dtail dor sur le ct ajoutent une touche sophistique  lñensemble, rendant ces baskets idales pour sublimer toutes vos tenues, quñelles soient dcontractes ou plus habilles.\n\nLa semelle en caoutchouc lgrement translucide garantit une adhrence fiable sur toutes les surfaces, tandis que la semelle intrieure OrthoLite assure un amorti et un confort ingals  chaque pas. Grce  la fermeture  lacets, vous bnficiez dñun ajustement parfait adapt  votre pied. Ces baskets rendent hommage  des dcennies de savoir-faire et dñinnovation, tout en rpondant aux exigences modernes en matire de style et de fonctionnalit.\n\nConvient  toutes celles qui souhaitent allier mode et performance au quotidien, ce modle est un incontournable pour toute collection de chaussures.\n\nOptez pour un look rtro-chic et profitez du meilleur de la tradition Adidas.;120;"""[\""35\"",\""36\"",\""37\"",\""38\"",\""39\"",\""40\"",\""41\"",\""42\""]""";https://cdn.etrias.nl/media/cache/product_thumb_md/a/d/adidas-women-gazelle-indoor-lucid-red-clear-sky-lucid-red-js1404.jpg;89;Femme;['rouge']
KVP149;Baskets Adidas Femme Gazelle Indoor Rose Lucide;Adidas;Dcouvrez lñlgance intemporelle et le confort exceptionnel de ces baskets pour femmes, vritables icnes issues de la riche tradition dñAdidas. Inspires des silhouettes emblmatiques des annes 70 et 90, elles incarnent  la perfection lñalliance du style rtro et des tendances contemporaines.\n\nLeur dessus en cuir de haute qualit assure une allure sophistique et une grande durabilit, tandis que la doublure matelasse en cuir et synthtique promet une sensation de douceur  chaque pas.\n\nLa semelle extrieure en caoutchouc lgrement translucide offre une adhrence fiable et une touche moderne, idale pour un usage quotidien en ville.\n\nLes clbres trois bandes et le discret marquage latral tmoignent du patrimoine sportif de la marque. Grce  la semelle intrieure OrthoLite et au systme de laage, le maintien du pied est optimal, offrant un ajustement parfait. Ces baskets sduiront toutes celles qui recherchent une chaussure polyvalente, capable de sublimer une tenue casual comme un look plus sportif. Elles rendent hommage  des dcennies dñinnovation et de savoir-faire, faisant dñelles un choix incontournable pour les passionnes de mode et dñhistoire du sport.\n\nConvient aux femmes  la recherche d'un modle authentique, confortable et styl, sign par une marque de rfrence mondiale.;120;"""[\""35\"",\""36\"",\""37\"",\""38\"",\""39\"",\""40\"",\""41\"",\""42\""]""";https://cdn.etrias.nl/media/cache/product_thumb_md/a/d/adidas-women-gazelle-indoor-lucid-pink-noble-maroon-lucid-pink-js1403.jpg;108;Femme;['marron', 'rose']
KVP150;Baskets Adidas Femme Gazelle Indoor Better Scarlet;Adidas;Dcouvrez lñalliance parfaite entre hritage sportif et lgance contemporaine avec ces baskets pour femmes signes Adidas.\n\nConues avec un dessus en cuir de qualit suprieure et dotes de la clbre triple bande, elles affichent une allure intemporelle qui traverse les gnrations.\n\nLa semelle extrieure en caoutchouc lgrement translucide assure une adhrence fiable, tandis que la semelle intrieure OrthoLite et la doublure mixte en cuir et matire synthtique offrent un confort durable, mme lors dñune utilisation prolonge. Inspires par les silhouettes iconiques des annes 70 et les tendances streetwear des annes 90, ces baskets incarnent lñinnovation et le savoir-faire de la marque. Le systme de laage garantit un ajustement optimal pour un maintien personnalis.\n\nParfaites pour celles qui recherchent un style rtro revisit, ces chaussures sñadaptent aussi bien  un look dcontract quñ une tenue urbaine plus sophistique. Avec leur design emblmatique et leur souci du dtail, elles sont le choix idal pour toutes celles qui souhaitent allier style, confort et histoire dans leur quotidien.\n\nConvient aux femmes.;120;"""[\""35\"",\""36\"",\""37\"",\""38\"",\""39\"",\""40\"",\""41\"",\""42\""]""";https://cdn.etrias.nl/media/cache/product_thumb_md/a/d/adidas-women-gazelle-indoor-better-scarlet-better-scarlet-cream-white-js1402.jpg;78;Femme;['rouge', 'blanc']
KVP151;Baskets Adidas Femme Adidas BRMD Crme Blanc;Adidas;Dcouvrez lñlgance intemporelle de ces baskets pour femmes, inspires des modles emblmatiques des annes 80 et revisites avec une touche contemporaine.\n\nLa marque Adidas, synonyme dñinnovation et de qualit, propose ici une cration o chaque dtail a t soigneusement pens.\n\nLa matire suprieure en cuir lisse et sude offre une allure raffine et durable, tandis que la doublure synthtique assure un confort optimal tout au long de la journe.\n\nLa semelle extrieure en gomme garantit une excellente adhrence, idale pour tous vos dplacements.\n\nLes clbres 3-Stripes denteles et contrastes apportent une note dynamique et reconnaissable, parfaites pour celles qui souhaitent affirmer leur style. Grce  la fermeture  lacets complte, bnficiez dñun ajustement parfait  chaque port. Le logo Adidas appos sur la semelle intrieure rappelle lñauthenticit et le prestige de la marque.\n\nConvient aux femmes  la recherche de baskets polyvalentes, adaptes aussi bien  un usage quotidien quñ des occasions plus dcontractes.\n\nOptez pour ce modle et profitez dñun quilibre parfait entre confort, design rtro-chic et performance signe Adidas.;110;"""[\""35\"",\""36\"",\""37\"",\""38\"",\""39\"",\""40\"",\""41\"",\""42\""]""";https://cdn.etrias.nl/media/cache/product_thumb_md/a/d/adidas-women-adidas-brmd-cream-white-semi-green-spark-gum-js3976.jpg;121;Femme;['vert', 'noir', 'blanc']
KVP152;Baskets Adidas Enfant Handball Spezial Bleu Victoire;Adidas;Dcouvrez lñalliance parfaite entre style rtro et confort moderne avec ces baskets signes Adidas, idales pour les juniors  la recherche dñune chaussure  la fois tendance et fonctionnelle.\n\nLa matire suprieure, compose de cuir et de matriaux synthtiques, assure une grande durabilit tout en offrant un maintien optimal.\n\nLa doublure synthtique amortissante garantit un confort exceptionnel  chaque pas, mme lors des journes les plus actives. Arborant les clbres 3-Stripes et une palette de couleurs vibrantes, ce modle se distingue par son look dynamique et sportif, inspir des designs emblmatiques des annes 70 et 90.\n\nLa semelle extrieure en gomme apporte une excellente adhrence sur toutes les surfaces, tandis que la fermeture  lacets complte permet un ajustement personnalis pour un maintien parfait. Ce modle au look casual et rtro est conu pour attirer tous les regards, que ce soit sur le terrain ou en ville.\n\nConvient aux juniors exigeants qui souhaitent exprimer leur personnalit tout en profitant de la qualit et du savoir-faire de la marque Adidas. Faites le choix dñun modle qui combine tradition, innovation et style intemporel, et offrez  vos enfants le meilleur de la mode sportive.;90;"""[\""16\"",\""17\"",\""18\"",\""19\"",\""20\"",\""21\"",\""22\"",\""23\"",\""24\"",\""25\"",\""26\"",\""27\"",\""28\"",\""29\"",\""30\"",\""31\"",\""32\"",\""33\"",\""34\"",\""35\"",\""36\"",\""37\""]""";https://cdn.etrias.nl/media/cache/product_thumb_md/a/d/adidas-junior-handball-spezial-victory-blue-solar-yellow-gum-jp7998.jpg;243;Enfant;['jaune', 'noir', 'bleu']
KVP153;Baskets Adidas Femme Gazelle Bold Crme Blanc;Adidas;Dcouvrez l'lgance intemporelle revisite avec ces baskets pour femme, parfaites pour celles qui recherchent  la fois style et confort au quotidien.\n\nConues par la marque Adidas, ces chaussures affichent une silhouette moderne inspire dñun classique incontournable.\n\nLeur matire en sude premium offre une allure raffine, tandis que la semelle  plateau en trois couches apporte une touche contemporaine et audacieuse.\n\nLes emblmatiques 3-Stripes denteles, associes  un lettrage dor mtallique, ajoutent une note sophistique qui sñaccorde avec toutes vos tenues, du casual au chic.\n\nLa doublure synthtique et le talon rembourr garantissent un confort optimal, mme lors de longues journes. Grce  la fermeture  lacets complte et  un second jeu de lacets assorti aux bandes, vous bnficiez dñun ajustement personnalis et dñune polyvalence supplmentaire.\n\nLa semelle extrieure en caoutchouc assure une adhrence fiable sur toutes les surfaces.\n\nConvient aux femmes qui souhaitent affirmer leur personnalit avec une paire de baskets qui allie qualit, performance et tendance.\n\nOffrez-vous une nouvelle vision du style urbain et affirmez votre originalit avec ce modle sign Adidas, symbole dñinnovation et de savoir-faire.;120;"""[\""35\"",\""36\"",\""37\"",\""38\"",\""39\"",\""40\"",\""41\"",\""42\""]""";https://cdn.etrias.nl/media/cache/product_thumb_md/a/d/adidas-women-gazelle-bold-cream-white-warm-clay-sand-strata-js3893.jpg;99;Femme;['marron', 'blanc']
KVP154;Baskets ASICS Unisexe SKYHAND OG Graphite Grey;ASICS;Plongez dans lñhritage des annes 90 avec ces baskets au design emblmatique, revisit pour rpondre aux exigences actuelles.\n\nLa combinaison dñun dessus en cuir synthtique de haute qualit et dñinserts en sude offre une allure sophistique tout en garantissant une rsistance optimale.\n\nLa construction modernise, associe  une semelle en gomme adhrente, assure une excellente stabilit et un maintien parfait  chaque pas.\n\nLes lments rtro se marient harmonieusement  une nouvelle structure de talon, intgrant un renfort et une mousse EVA pour un amorti suprieur. Grce  la technologie FLYTEFOAM PROPEL, chaque mouvement bnficie dñune absorption des chocs remarquable et dñun confort durable, idal pour un usage quotidien ou des activits sportives.\n\nLa palette de couleurs Graphite Grey/Coneflower confre  ces baskets une touche lgante et contemporaine, parfaite pour complter toutes les tenues.\n\nConvient pour tous, ce modle sduit par son quilibre entre style intemporel et innovation technique, faisant de lui un choix incontournable pour les amateurs de mode et de performance.\n\nOffrez-vous lñexcellence japonaise avec une paire qui allie parfaitement fonctionnalit et esthtique.;95;"""[\""35\"",\""36\"",\""37\"",\""38\"",\""39\"",\""40\"",\""41\"",\""42\"",\""43\"",\""44\"",\""45\"",\""46\"",\""47\""]""";https://cdn.etrias.nl/media/cache/product_thumb_md/a/s/asics-unisex-skyhand-og-graphite-grey-coneflower-1203a451-020.jpg;147;Unisexe;['gris']
KVP155;Baskets ASICS Unisexe SKYHAND OG Cream;ASICS;Dcouvrez lñalliance parfaite entre le style rtro et lñinnovation moderne avec cette paire de baskets signe ASICS. Inspire des emblmatiques chaussures de handball des annes 90, cette cration sduit par son design pur et son allure intemporelle.\n\nLa tige associe habilement le cuir synthtique et des empicements en sude, offrant une esthtique raffine et une grande durabilit.\n\nLa semelle en gomme assure une excellente adhrence, tandis que la nouvelle structure du talon apporte une stabilit renforce au quotidien. Profitez dñun confort exceptionnel grce  la combinaison de lñamorti EVA et de la technologie FLYTEFOAM PROPEL, qui garantit une absorption optimale des chocs  chaque pas. Cette basket unisexe est idale pour celles et ceux qui recherchent une lgance sportive, sans compromis sur la fonctionnalit. Que ce soit pour complter une tenue urbaine ou pour un usage quotidien, elle rpond aux exigences des amateurs de mode et de performance. Faites le choix dñune chaussure qui incarne lñexcellence japonaise et lñesprit dñinnovation, et laissez-vous sduire par le parfait quilibre entre confort, style et qualit.;95;"""[\""35\"",\""36\"",\""37\"",\""38\"",\""39\"",\""40\"",\""41\"",\""42\"",\""43\"",\""44\"",\""45\"",\""46\"",\""47\""]""";https://cdn.etrias.nl/media/cache/product_thumb_md/a/s/asics-unisex-skyhand-og-cream-menthol-1203a451-106.jpg;143;Unisexe;['menthol', 'blanc']
KVP156;Baskets ASICS Femme JOG 100S Gris Nuage;ASICS;Dcouvrez lñalliance parfaite entre lgance sportive et innovation avec ces baskets pour femmes signes ASICS. Arborant une couleur nuage gris avec des touches argentes raffines, ce modle sduit par son design intemporel inspir des archives de la marque japonaise. Le dessus, conu en mesh respirant et matire synthtique, assure une ventilation optimale et un confort lger tout au long de la journe.\n\nLa semelle intermdiaire dote dñun amorti EVA procure un excellent soutien  chaque pas, tandis que la semelle intrieure ORTHOLITE offre un confort suprieur sous le pied, idal pour un usage quotidien. Engage dans une dmarche coresponsable, la marque utilise au moins 75 % de matriaux recycls pour la fabrication de ce modle, rduisant ainsi lñimpact environnemental. De plus, la technique de coloration de la semelle intrieure permet une conomie dñeau et limite les missions de CO2.\n\nParfaites pour les femmes  la recherche de baskets polyvalentes, confortables et respectueuses de lñenvironnement, ces chaussures incarnent lñquilibre entre performance, style et conscience cologique.\n\nOptez pour lñexcellence et la durabilit avec ce modle incontournable dñASICS.;100;"""[\""35\"",\""36\"",\""37\"",\""38\"",\""39\"",\""40\"",\""41\"",\""42\""]""";https://cdn.etrias.nl/media/cache/product_thumb_md/a/s/asics-women-jog-100s-cloud-grey-pure-silver-1203a684-021.jpg;90;Femme;['gris', 'argent']
KVP157;Baskets ASICS Femme JOG 100S Gris Graphite;ASICS;Dcouvrez lñalliance parfaite entre le confort, la performance et le respect de lñenvironnement avec ces baskets signes ASICS.\n\nConues pour les femmes actives, elles se distinguent par leur lgante combinaison de couleurs Graphite Grey et Steel Grey, sñadaptant  tous les styles urbains.\n\nLa matire suprieure en mesh respirant associe  des empicements synthtiques assure une ventilation optimale, maintenant vos pieds au frais mme lors des journes les plus intenses. Inspires par le design emblmatique des chaussures de running dñarchive, ces baskets offrent une touche rtro tout en intgrant les technologies les plus rcentes.\n\nLa semelle intermdiaire, dote dñun amorti EVA, garantit un soutien et un confort exceptionnels  chaque pas, tandis que la semelle intrieure ORTHOLITE amliore le bien-tre sous le pied. Soucieuse de lñenvironnement, la marque ASICS utilise au moins 75 % de matriaux recycls et adopte une mthode de teinture coresponsable pour la semelle intrieure, rduisant ainsi la consommation dñeau et lñempreinte carbone. Idales pour un usage quotidien, ces baskets incarnent le choix parfait pour celles qui recherchent un quilibre entre mode, durabilit et performance.\n\nAdoptez une dmarche responsable tout en profitant du savoir-faire japonais reconnu dñASICS.;100;"""[\""35\"",\""36\"",\""37\"",\""38\"",\""39\"",\""40\"",\""41\"",\""42\""]""";https://cdn.etrias.nl/media/cache/product_thumb_md/a/s/asics-women-jog-100s-graphite-grey-steel-grey-1203a684-020.jpg;79;Femme;['gris']
KVP158;Baskets ASICS Unisexe GT-2160 Gris Fum;ASICS;Dcouvrez lñalliance parfaite entre le style rtro et l'innovation technologique avec ces baskets issues de la clbre srie Gel-Kayano de la marque ASICS. Arborant une silhouette lgante inspire des annes 2000, ce modle sduit par sa couleur Smoke Grey/Peppermint raffine, qui sñadapte  toutes les occasions. Lñempeigne, confectionne en mesh et en synthtique, assure une excellente respirabilit ainsi quñune adaptation optimale  la forme du pied, tout en conservant lñesprit authentique du modle original de 2008. Grce  une nouvelle gnration de matriaux et de composants, ces baskets offrent un confort suprieur et une durabilit accrue.\n\nLa technologie de gel amliore intgre  la semelle intermdiaire garantit une absorption avance des chocs, optimisant ainsi le confort  chaque pas. Le systme de soutien Trusstic procure une stabilit remarquable, rendant ces chaussures idales pour les activits sportives comme pour un usage quotidien. Le design segment de la semelle intermdiaire et la forme profile de lñavant-pied confrent  ces baskets une allure dynamique et contemporaine.\n\nConvient pour tous, ce modle incarne lñesprit dñinnovation et de performance propre  ASICS, tout en offrant un quilibre parfait entre fonctionnalit et esthtique. Choisissez ces baskets pour profiter dñun maintien exceptionnel, dñune technologie de pointe et dñun style intemporel qui rehaussera toutes vos tenues.;130;"""[\""35\"",\""36\"",\""37\"",\""38\"",\""39\"",\""40\"",\""41\"",\""42\"",\""43\"",\""44\"",\""45\"",\""46\"",\""47\""]""";https://cdn.etrias.nl/media/cache/product_thumb_md/a/s/asics-unisex-gt-2160-smoke-grey-peppermint-1203a275-025.jpg;101;Unisexe;['gris']
KVP159;Baskets ASICS Unisexe GT-2160 White;ASICS;Dcouvrez lñalliance parfaite entre le style rtro et les technologies innovantes avec cette paire de baskets signe ASICS. Issue de la clbre srie Gel-Kayano, cette cration sduit par sa silhouette lance inspire des annes 2000 et sa couleur blanche rehausse de touches de jaune doux. Le dessus associe habilement le mesh et des matriaux synthtiques, offrant une respirabilit optimale et une tenue du pied amliore, tout en conservant lñhritage du modle original de 2008. Grce  la technologie avance de gel intgre dans la semelle intermdiaire, chaque foule bnficie dñune absorption des chocs exceptionnelle, idale pour les amateurs de performance et de confort au quotidien. Le systme de soutien Trusstic renforce la stabilit, tandis que la conception segmente de la semelle assure une flexibilit accrue et un droul naturel du pied.\n\nConvient pour tous, ce modle combine lgance sportive et fonctionnalit, rpondant aux exigences des passionns de mode urbaine comme des sportifs exigeants.\n\nOptez pour une basket qui incarne lñquilibre parfait entre esthtique contemporaine et performance technique, fidle  lñesprit dñexcellence de la marque japonaise ASICS.;130;"""[\""35\"",\""36\"",\""37\"",\""38\"",\""39\"",\""40\"",\""41\"",\""42\"",\""43\"",\""44\"",\""45\"",\""46\"",\""47\""]""";https://cdn.etrias.nl/media/cache/product_thumb_md/a/s/asics-unisex-gt-2160-white-soft-yellow-1203a275-111.jpg;161;Unisexe;['jaune', 'blanc']
KVP160;Baskets ASICS Unisexe GEL-VENTURE 6 Smoke Grey;ASICS;Dcouvrez lñalliance parfaite entre performance et lgance avec ces baskets signes ASICS. Penses pour rpondre aux exigences des amateurs de sport comme des passionns de mode urbaine, elles se distinguent par un design raffin dans une couleur Smoke Grey/Wool, facile  assortir. Le dessus en mesh respirant, rehauss dñempicements en cuir synthtique, assure un maintien cibl et enveloppe le pied pour une sensation de scurit optimale. Grce  la technologie GEL place au niveau du talon, chaque foule bnficie dñune absorption des chocs suprieure, rduisant la fatigue lors de vos activits quotidiennes ou de vos aventures en plein air.\n\nLa semelle extrieure, dote dñun motif de traction inspir du trail, garantit une adhrence exceptionnelle sur une grande varit de surfaces, quñil sñagisse de sentiers naturels ou de rues citadines.\n\nConvient pour un public unisexe, ce modle incarne la philosophie dñASICS, alliant bien-tre, durabilit et style contemporain.\n\nOffrez-vous un confort durable et une stabilit irrprochable  chaque pas, pour profiter pleinement de vos journes actives.;100;"""[\""35\"",\""36\"",\""37\"",\""38\"",\""39\"",\""40\"",\""41\"",\""42\"",\""43\"",\""44\"",\""45\"",\""46\"",\""47\""]""";https://cdn.etrias.nl/media/cache/product_thumb_md/a/s/asics_unisex_gel_venture_6_smoke_greywool_6.jpg;170;Unisexe;['gris', 'blanc']
KVP161;Baskets ASICS Homme GEL-QUANTUM KINETIC Gravel;ASICS;Dcouvrez lñalliance parfaite entre innovation technologique et style urbain avec cette paire de baskets pour hommes signe ASICS. Inspire par les franchises iconiques de la marque, cette chaussure sduit par son design moderne et sa silhouette dynamique, idale pour ceux qui recherchent  la fois lgance sportive et performance au quotidien. Son dessus en cuir synthtique et en mesh translucide offre une respirabilit optimale et un confort suprieur, tout en assurant une allure contemporaine.\n\nLa prsence dñun contrefort interne au talon garantit un maintien accru du pied, pour une sensation de scurit  chaque pas.\n\nLa semelle intgre la technologie avance SCUTOID GEL  gomtrie 3D compacte, associe  lñamorti FF Blast, spcialement rajust pour un usage quotidien. Cette configuration assure une absorption des chocs exceptionnelle, rendant chaque dplacement plus agrable, que ce soit en ville ou lors de vos activits quotidiennes. Fruit dñune collaboration troite avec lñASICS Institute of Sport Science, ce modle allie robustesse, confort et innovation, rpondant ainsi aux exigences des hommes actifs en qute de qualit et de style. Opter pour cette cration ASICS, cñest choisir lñexcellence japonaise, reconnue pour sa qute incessante de performance et de bien-tre.;260;"""[\""38\"",\""39\"",\""40\"",\""41\"",\""42\"",\""43\"",\""44\"",\""45\"",\""46\"",\""47\""]""";https://cdn.etrias.nl/media/cache/product_thumb_md/a/s/asics-men-gel-quantum-kinetic-gravel-black-1203a270-025.jpg;145;Homme;['noir']
KVP162;Baskets ASICS Unisexe GEL-QUANTUM KINETIC Poivre;ASICS;Dcouvrez lñalliance parfaite entre innovation et lgance sportive avec cette paire de baskets signe ASICS. Dote dñun design avanc inspir des franchises de course emblmatiques de la marque, elle sduit par sa couleur distinctive Pepper/Cement Grey.\n\nLa matire suprieure, compose de cuir synthtique et de mesh translucide, assure une respirabilit optimale et un confort exceptionnel tout au long de la journe. Grce  une structure interne renforce au niveau du talon, la chaussure garantit un maintien suprieur et une adaptation parfaite  la forme du pied.\n\nLa semelle, intgrant la technologie Scutoid GEL  la gomtrie 3D compacte, offre une absorption des chocs remarquable, tandis que lñamorti FF Blast, spcialement ajust pour un usage quotidien, procure une sensation de lgret et dñagilit  chaque pas. Fruit dñune collaboration avec lñASICS Institute of Sport Science, ce modle incarne le juste quilibre entre performance, confort et style contemporain.\n\nConvient  tous ceux qui recherchent une exprience de marche ou de course sans compromis, tout en affichant une silhouette moderne et raffine. Faites le choix dñune basket qui repousse les limites et accompagne votre quotidien avec distinction.;260;"""[\""35\"",\""36\"",\""37\"",\""38\"",\""39\"",\""40\"",\""41\"",\""42\"",\""43\"",\""44\"",\""45\"",\""46\"",\""47\""]""";https://cdn.etrias.nl/media/cache/product_thumb_md/a/s/asics-unisex-gel-quantum-kinetic-pepper-cement-grey-1203a270-204.jpg;146;Unisexe;['gris']
KVP163;Baskets ASICS Unisexe GEL-NYC Oatmeal;ASICS;Dcouvrez lñalliance parfaite entre hritage sportif et innovation moderne avec ces baskets signes ASICS.\n\nConues pour les amateurs de style et de performance, elles se distinguent par leur dessus en mesh ar, en sude raffin et en cuir synthtique, offrant une excellente ventilation et une allure lgante. Inspire des modles emblmatiques de la marque japonaise, leur construction rappelle les grandes heures du running tout en intgrant des technologies actuelles pour un confort suprieur. Lñassociation dñune mousse lgre et dñinserts dots de la technologie Gel assure un amorti avanc et une stabilit optimale, idale pour les longues distances comme pour un usage quotidien.\n\nLeur design unisexe, intemporel et polyvalent convient  tous ceux qui recherchent une chaussure de qualit, capable de sñadapter  toutes les occasions.\n\nLa couleur Oatmeal/Bisque apporte une touche de sophistication discrte, parfaite pour complter toutes vos tenues.\n\nOptez pour ces baskets et faites lñexprience dñun quilibre unique entre confort, style et performance, fidle  la philosophie dñASICS : un esprit sain dans un corps sain.;160;"""[\""35\"",\""36\"",\""37\"",\""38\"",\""39\"",\""40\"",\""41\"",\""42\"",\""43\"",\""44\"",\""45\"",\""46\"",\""47\""]""";https://cdn.etrias.nl/media/cache/product_thumb_md/a/s/asics-unisex-gel-nyc-oatmeal-bisque-1203a739-250.jpg;141;Unisexe;['gris']
KVP164;Baskets ASICS Unisexe GEL-NYC Gris Acier;ASICS;Dcouvrez lñalliance parfaite entre lñhritage sportif et lñinnovation contemporaine avec ces baskets signes ASICS, proposes dans une lgante couleur Steel Grey/Carrier Grey. Le dessus, confectionn en mesh, cuir synthtique et sude, assure une excellente aration grce  de larges ouvertures, tout en offrant une allure raffine inspire des modles de course emblmatiques de la marque.\n\nLa combinaison de mousse lgre et dñinserts dots de la clbre technologie Gel procure un confort avanc et une absorption des chocs optimaux, idaux pour les longues distances ou un usage quotidien.\n\nLa stabilit et le soutien sont au rendez-vous, permettant de profiter dñun maintien fiable  chaque pas.\n\nConvient pour tous, ce modle sduit par son style rtro revisit et sa performance technique, faisant de ces baskets le choix privilgi des amateurs de mode active et de qualit suprieure.\n\nOptez pour lñexcellence japonaise et levez votre exprience urbaine ou sportive avec une chaussure qui conjugue lgance, fonctionnalit et bien-tre au quotidien.;160;"""[\""35\"",\""36\"",\""37\"",\""38\"",\""39\"",\""40\"",\""41\"",\""42\"",\""43\"",\""44\"",\""45\"",\""46\"",\""47\""]""";https://cdn.etrias.nl/media/cache/product_thumb_md/a/s/asics-unisex-gel-nyc-steel-grey-carrier-grey-1203a739-020.jpg;143;Unisexe;['gris']
KVP165;Baskets ASICS Unisexe GEL-NYC White;ASICS;Dcouvrez lñalliance parfaite entre le style intemporel et l'innovation technologique avec ces baskets signes ASICS.\n\nConues pour rpondre aux exigences des amateurs de mode et des passionns de sport, elles se distinguent par un design raffin qui puise son inspiration dans les modles de course emblmatiques du pass.\n\nLeur dessus associe habilement le mesh, le cuir synthtique et le sude, offrant ainsi une ventilation optimale et une allure lgante. Grce  une combinaison de mousse lgre et dñinserts dots de la technologie Gel, ces baskets garantissent un confort avanc et un excellent amorti, idals pour les longues journes actives ou les dplacements prolongs.\n\nLa couleur blanche subtile, rehausse de nuances Smoke Grey, sñadapte  toutes les tenues et confre une touche de modernit  votre look.\n\nLes ouvertures plus larges dans le mesh assurent une respirabilit suprieure, tandis que la stabilit et la protection contre les chocs sont optimises pour chaque pas.\n\nConvient  un public unisexe, ce modle incarne lñquilibre parfait entre fonctionnalit et esthtique, fidle  lñesprit innovant de la marque japonaise. Choisissez ces baskets pour profiter dñun confort quotidien exceptionnel tout en affirmant votre sens du style.;150;"""[\""35\"",\""36\"",\""37\"",\""38\"",\""39\"",\""40\"",\""41\"",\""42\"",\""43\"",\""44\"",\""45\"",\""46\"",\""47\""]""";https://cdn.etrias.nl/media/cache/product_thumb_md/a/s/asics-unisex-gel-nyc-white-smoke-grey-1203a383-111.jpg;112;Unisexe;['gris', 'blanc']
KVP166;Bskets ASICS Unisexe GEL-NYC Cloud Grey;ASICS;Dcouvrez lñalliance parfaite entre performance et style avec ces baskets signes ASICS.\n\nConues pour rpondre aux exigences des amateurs de sport comme des passionns de mode, elles se distinguent par leur design inspir des modles emblmatiques du pass, tout en intgrant les dernires avances technologiques. Le dessus associe habilement mesh, cuir synthtique et sude, offrant une respirabilit optimale et une allure sophistique.\n\nLes ouvertures largies du mesh garantissent une ventilation suprieure, idale pour un usage prolong. Grce  la combinaison dñune mousse lgre et dñinserts dots de la technologie Gel, chaque pas bnficie dñun amorti exceptionnel, rduisant la fatigue mme lors de longues distances.\n\nLa stabilit et le soutien sont assurs pour un confort quotidien, que ce soit lors dñactivits sportives ou dans la vie de tous les jours. Avec leur coupe unisexe et leur coloris Cloud Grey/Cement Grey, ces baskets sñadaptent  tous les styles et incarnent lñquilibre parfait entre lgance intemporelle et innovation.\n\nOffrez-vous la qualit et le savoir-faire japonais de la marque ASICS, reconnue mondialement pour sa qute dñexcellence et son engagement envers le bien-tre du corps et de lñesprit.\n\nConviennent  tous ceux qui recherchent une chaussure polyvalente, performante et raffine.;150;"""[\""35\"",\""36\"",\""37\"",\""38\"",\""39\"",\""40\"",\""41\"",\""42\"",\""43\"",\""44\"",\""45\"",\""46\"",\""47\""]""";https://cdn.etrias.nl/media/cache/product_thumb_md/a/s/asics-unisex-gel-nyc-cloud-grey-cement-grey-1203a383-026.jpg;157;Unisexe;['gris']
KVP167;Baskets ASICS Unisex GEL-NUNOBIKI Cream;ASICS;Dcouvrez lñalliance parfaite entre style contemporain et performance technique avec ces baskets signes ASICS. Inspires des emblmatiques chaussures de trail des annes 2000, elles sduisent par leur design sophistiqu et leur palette de couleurs lgantes Cream/Brown Storm.\n\nLeur tige en mesh et cuir synthtique, agrmente dñempicements mats et semi-brillants, offre une allure urbaine distinctive tout en assurant une excellente respirabilit et durabilit.\n\nLa technologie GEL intgre au niveau du talon garantit une absorption optimale des chocs, pour un confort exceptionnel  chaque pas, mme lors de longues journes actives.\n\nLa semelle extrieure, dote dñun motif spcifique aux trails, assure une adhrence suprieure sur divers types de surfaces, rendant ces baskets idales pour affronter la ville comme les escapades en pleine nature.\n\nConvient pour tous, ce modle unisexe est le choix parfait pour ceux qui recherchent un quilibre entre esthtique, innovation et fonctionnalit. Faites confiance  la marque ASICS, synonyme dñexcellence japonaise, et optez pour une paire de baskets qui sublimera chaque tenue tout en rpondant aux exigences de votre mode de vie dynamique.;110;"""[\""35\"",\""36\"",\""37\"",\""38\"",\""39\"",\""40\"",\""41\"",\""42\"",\""43\"",\""44\"",\""45\"",\""46\"",\""47\""]""";https://cdn.etrias.nl/media/cache/product_thumb_md/a/s/asics_unisex_gel_nunobiki_creambrown_storm_6.jpg;103;Unisexe;['marron', 'blanc']
KVP168;Baskets ASICS Unisex GEL-NUNOBIKI Cream;ASICS;Dcouvrez lñalliance parfaite entre lñlgance sportive et lñinnovation technologique avec ce modle sign ASICS. Inspires par lñesthtique emblmatique des chaussures de trail des annes 2000, ces baskets affichent une silhouette moderne, sublime par une superposition de matires : mesh respirant et cuir synthtique, pour un quilibre idal entre confort, durabilit et style.\n\nLa palette raffine crme et menthol apporte une touche contemporaine et se marie facilement avec toutes vos tenues, urbaines ou sportives.\n\nLa technologie GEL intgre  lñarrire du pied offre une absorption des chocs optimale, garantissant un confort exceptionnel  chaque pas, mme lors des journes les plus actives.\n\nLes overlays mats et semi-brillants, inspirs des modles GEL-KAHANA 3 et GEL-TARGET, ajoutent une dimension sophistique et dynamique  lñensemble.\n\nLa semelle extrieure, dote dñun motif spcifique aux trails, assure une adhrence suprieure sur une grande varit de surfaces, vous permettant de passer sans effort de la ville aux sentiers nature.\n\nConvient  tous, ce modle unisexe se distingue par sa polyvalence et son allure intemporelle.\n\nOptez pour une paire de baskets qui allie la performance reconnue dñASICS  une esthtique soigne, et profitez dñun confort ingal au quotidien. Idales pour ceux qui recherchent lñquilibre parfait entre la fonctionnalit, le design et lñinnovation.;110;"""[\""35\"",\""36\"",\""37\"",\""38\"",\""39\"",\""40\"",\""41\"",\""42\"",\""43\"",\""44\"",\""45\"",\""46\"",\""47\""]""";https://cdn.etrias.nl/media/cache/product_thumb_md/a/s/asics_unisex_gel_nunobiki_creammenthol_6.jpg;155;Unisexe;['menthol', 'blanc']
KVP169;Baskets ASICS Unisexe GEL-NUNOBIKI White;ASICS;Plongez dans lñunivers de la performance et du style avec ces baskets signes ASICS, vritables hommages aux chaussures de trail emblmatiques des annes 2000.\n\nLeur design contemporain, rehauss par des superpositions mates et semi-brillantes, sduit par son allure urbaine et raffine.\n\nLa tige, conue en mesh respirant associ  du cuir synthtique de haute qualit, assure un confort durable et une excellente aration. Dotes de la clbre technologie GEL au niveau du talon, ces baskets garantissent une absorption des chocs optimale, idale pour les activits sportives ou un usage quotidien prolong.\n\nLa structure multicouche et la semelle extrieure  motif spcifique trail offrent une adhrence exceptionnelle sur toutes les surfaces, amliorant ainsi la stabilit et la scurit  chaque pas.\n\nParfaites pour celles et ceux qui recherchent lñalliance parfaite entre lñlgance sportive, lñinnovation technologique et la fonctionnalit suprieure, ces baskets conviennent aussi bien aux amateurs de mode quñaux passionns de performance.\n\nAdoptez lñexcellence japonaise et dcouvrez une exprience unique o confort et style ne font quñun.;110;"""[\""35\"",\""36\"",\""37\"",\""38\"",\""39\"",\""40\"",\""41\"",\""42\"",\""43\"",\""44\"",\""45\"",\""46\"",\""47\""]""";https://cdn.etrias.nl/media/cache/product_thumb_md/a/s/asics-unisex-gel-nunobiki-white-independence-blue-1203a536-105.jpg;138;Unisexe;['bleu', 'blanc']
KVP170;Baskets ASICS Unisexe GEL-NIMBUS 10.1 Piedmont Grey;ASICS;Dcouvrez lñalliance parfaite entre innovation et lgance avec ces baskets signes ASICS.\n\nConues pour offrir un confort exceptionnel au quotidien, elles se distinguent par leur dessus asymtrique en mesh respirant et cuir synthtique, garantissant un soutien optimal et une allure contemporaine.\n\nLa semelle intermdiaire  double couche de mousse EVA, associe  des inserts utilisant la technologie GEL, assure une absorption des chocs suprieure et un amorti dynamique  chaque pas. Le systme TRUSSTIC intgr offre une stabilit accrue, idale pour les longues journes actives. Inspires des designs iconiques des annes 2000, ces baskets sñadaptent parfaitement  la morphologie naturelle du pied, pour une sensation de lgret et de maintien ingale.\n\nLeur couleur Piedmont Grey/Graphite Grey apporte une touche de modernit facile  assortir  toutes vos tenues.\n\nConvient aux hommes et aux femmes, ce modle est le choix privilgi des amateurs de mode recherchant performance, qualit et style intemporel.\n\nOffrez-vous lñexcellence japonaise avec ASICS, la marque de rfrence pour ceux qui exigent le meilleur en matire de baskets.;170;"""[\""35\"",\""36\"",\""37\"",\""38\"",\""39\"",\""40\"",\""41\"",\""42\"",\""43\"",\""44\"",\""45\"",\""46\"",\""47\""]""";https://cdn.etrias.nl/media/cache/product_thumb_md/a/s/asics-unisex-gel-nimbus-101-piedmont-grey-graphite-grey-1203a543-023.jpg;146;Unisexe;['gris']
KVP171;Baskets ASICS Unisex GEL-NIMBUS 10.1 Cream;ASICS;Dcouvrez lñalliance parfaite entre innovation, confort et style avec ces baskets signes ASICS. Inspire par lñesthtique emblmatique des annes 2000, cette cration se distingue par un design sophistiqu et des dtails iconiques. Son dessus asymtrique, ralis en mesh respirant et en cuir synthtique de haute qualit, assure une ventilation optimale tout en offrant un excellent maintien du pied.\n\nLa semelle intermdiaire  double couche en mousse EVA, associe  la technologie GEL, garantit une absorption des chocs suprieure et un amorti exceptionnel  chaque pas. Le systme TRUSSTIC intgr renforce la stabilit et le soutien, pour un confort ingal lors de toutes vos activits, quñelles soient sportives ou quotidiennes.\n\nConue selon la structure naturelle du pied, cette basket pouse parfaitement la morphologie pour une exprience de marche unique.\n\nConvient  tous, elle sñadresse  celles et ceux qui recherchent la performance, lñlgance et le bien-tre au quotidien.\n\nOffrez-vous lñexcellence dñune grande marque japonaise, o lñinnovation rencontre la tradition pour sublimer votre style et booster vos performances.;170;"""[\""35\"",\""36\"",\""37\"",\""38\"",\""39\"",\""40\"",\""41\"",\""42\"",\""43\"",\""44\"",\""45\"",\""46\"",\""47\""]""";https://cdn.etrias.nl/media/cache/product_thumb_md/a/s/asics-unisex-gel-nimbus-101-cream-pure-silver-1203a543-107.jpg;124;Unisexe;['argent', 'blanc']
KVP172;Baskets ASICS Unisexe GEL-KINETIC FLUENT Smoke Grey;ASICS;Dcouvrez lñalliance parfaite entre style contemporain et performance avec ces baskets signes ASICS. Dotes dñun design unique ax sur la fonctionnalit, elles sduisent par leur lgance sportive et leur confort exceptionnel. Le dessus en mesh respirant assure une ventilation optimale, gardant vos pieds frais et secs mme lors dñactivits intenses. Grce  la technologie FlyteFoam intgre dans la semelle intermdiaire, chaque pas bnficie dñune ractivit lgre et dñun retour dñnergie remarquable, favorisant un dynamisme continu tout au long de la journe.\n\nLa technologie Gel Cushioning dñASICS garantit une absorption suprieure des chocs, offrant un confort ingal dans toutes les situations du quotidien.\n\nLa semelle extrieure adhrente procure une excellente accroche sur diffrentes surfaces, rendant ces baskets adaptes  de multiples activits. Fabriques  partir de matires synthtiques de haute qualit, elles conjuguent durabilit et lgret.\n\nConvenant  un large public, ce modle unisexe est idal pour ceux qui recherchent une chaussure polyvalente, alliant innovation, raffinement et performance.\n\nOptez pour lñexcellence japonaise et laissez-vous sduire par lñquilibre parfait entre la mode et la fonctionnalit proposs par ASICS.;170;"""[\""35\"",\""36\"",\""37\"",\""38\"",\""39\"",\""40\"",\""41\"",\""42\"",\""43\"",\""44\"",\""45\"",\""46\"",\""47\""]""";https://cdn.etrias.nl/media/cache/product_thumb_md/a/s/asics-unisex-gel-kinetic-fluent-smoke-grey-pure-silver-1203a591-026.jpg;95;Unisexe;['gris', 'argent']
KVP173;Baskets ASICS Homme GEL-KINETIC FLUENT Carrier Grey;ASICS;Dcouvrez lñalliance parfaite entre innovation et lgance sportive avec ces baskets pour hommes signes ASICS. Ce modle se distingue par un design unique qui met lñaccent sur la fonctionnalit, idal pour les amateurs de style et de performance.\n\nLa technologie FlyteFoam intgre  la semelle intermdiaire offre une lgret remarquable et conserve lñnergie  chaque foule, rduisant ainsi la fatigue lors de vos dplacements quotidiens ou activits sportives. Le dessus en mesh respirant assure une excellente ventilation, maintenant vos pieds au frais et au sec, mme lors dñefforts prolongs. Grce  la technologie exclusive dñamorti Gel dñASICS, chaque impact est absorb efficacement, garantissant un confort suprieur et une protection optimale contre les chocs.\n\nLa semelle extrieure adhrente procure une stabilit fiable sur diffrentes surfaces, vous permettant de bouger en toute confiance. Fabriques en matire synthtique de haute qualit et proposes dans une lgante combinaison de couleurs Carrier Grey et Pure Silver, ces baskets incarnent la modernit et la polyvalence.\n\nConvenant  une utilisation quotidienne comme  des activits sportives varies, ce modle est le choix idal pour lñhomme exigeant qui recherche la performance sans compromis sur le style.\n\nOffrez-vous lñexcellence japonaise et vivez une exprience unique o le confort, lñinnovation et lñesthtique se rencontrent.;170;"""[\""38\"",\""39\"",\""40\"",\""41\"",\""42\"",\""43\"",\""44\"",\""45\"",\""46\"",\""47\""]""";https://cdn.etrias.nl/media/cache/product_thumb_md/a/s/asics-men-gel-kinetic-fluent-carrier-grey-pure-silver-1203a591-022.jpg;122;Homme;['gris', 'argent']
KVP174;Baskets ASICS Unisexe GEL-KAYANO 14 White;ASICS;Dcouvrez lñalliance parfaite entre performance et style avec ces baskets issues de la clbre srie de la marque ASICS. Arborant une lgante couleur blanche rehausse de touches de vert lime, ce modle sduit par son esthtique inspire des annes 2000, tout en intgrant les technologies les plus rcentes. Le dessus, confectionn en mesh respirant et en cuir de qualit, offre une sensation de confort et un maintien optimal, mme lors dñune utilisation prolonge.\n\nLa semelle intermdiaire intgre une technologie de gel innovante, assurant une absorption des chocs suprieure  chaque pas, idale pour les activits sportives comme pour le quotidien. De plus, le systme de soutien TRUSSTIC amliore la stabilit, permettant dñatteindre une nouvelle dimension de scurit et de confiance lors de vos dplacements.\n\nConvient pour tous, ce modle combine un design intemporel, une qualit irrprochable et lñexpertise japonaise reconnue dñASICS.\n\nOptez pour ces baskets si vous recherchez un quilibre parfait entre la mode, le confort et la performance, que ce soit pour vos entranements ou pour affirmer votre style au quotidien.;170;"""[\""35\"",\""36\"",\""37\"",\""38\"",\""39\"",\""40\"",\""41\"",\""42\"",\""43\"",\""44\"",\""45\"",\""46\"",\""47\""]""";https://cdn.etrias.nl/media/cache/product_thumb_md/a/s/asics-unisex-gel-kayano-14-white-lime-green-1203a383-004.jpg;135;Unisexe;['vert', 'blanc']
KVP175;Baskets ASICS Unisexe GEL-KAYANO 14 Blanc;ASICS;Plongez dans lñexcellence sportive avec ce modle issu de la clbre srie GEL-KAYANO de la marque ASICS. Arborant une lgante couleur White/Graphite Grey, ces baskets unisexes sduisent par leur design rtro inspir des annes 2000, subtilement rinvent avec des matriaux modernes. Lñempeigne associe mesh respirant et cuir de qualit, assurant  la fois style, ventilation et durabilit.\n\nLa nouvelle conception de la tige offre une meilleure adaptation au pied, tout en conservant lñauthenticit des matriaux originaux de 2008. Dotes de la technologie de GEL-damping perfectionne dans la semelle intermdiaire, elles garantissent une absorption des chocs avance et un confort exceptionnel  chaque pas. Le systme de soutien TRUSSTIC renforce la stabilit, rendant ces baskets idales pour les activits sportives comme pour un usage quotidien.\n\nConvient  tous ceux qui recherchent un quilibre parfait entre la performance, lñinnovation et lñesthtique intemporelle. Choisissez lñalliance de la mode et de la fonctionnalit pour accompagner vos dfis quotidiens avec confiance et distinction.;170;"""[\""35\"",\""36\"",\""37\"",\""38\"",\""39\"",\""40\"",\""41\"",\""42\"",\""43\"",\""44\"",\""45\"",\""46\"",\""47\""]""";https://cdn.etrias.nl/media/cache/product_thumb_md/a/s/asics_unisex_gel_kayano_14_whitegraphite_grey_6.jpg;134;Unisexe;['gris', 'blanc']
KVP176;Baskets ASICS Unisexe GEL-KAYANO 14 Cream;ASICS;Dcouvrez lñalliance parfaite entre le style rtro et lñinnovation technologique avec cette paire de baskets signe ASICS. Inspire par lñesthtique emblmatique des annes 2000, cette chaussure sduit par sa silhouette intemporelle et sa couleur Cream/Ironclad, qui sñaccorde aisment  toutes les tenues. Le dessus en mesh et en cuir assure une respirabilit optimale tout en offrant un excellent maintien du pied, grce  une conception repense qui amliore la forme et le confort. Issue de la clbre srie GEL-KAYANO, cette nouveaut bnficie de matriaux et de composants modernes pour des performances accrues.\n\nLa technologie de semelle intermdiaire GEL, perfectionne pour une absorption des chocs avance, garantit une foule souple et agrable, mme lors dñune utilisation prolonge. Le systme de soutien TRUSSTIC renforce la stabilit, faisant de cette basket un choix idal pour les activits sportives comme pour un usage quotidien.\n\nConvient  tous, ce modle rpond aux attentes de ceux qui recherchent  la fois l'lgance, un confort durable et une performance suprieure.\n\nOptez pour une chaussure qui incarne lñexpertise japonaise dñASICS et faites passer votre exprience sneaker au niveau suprieur.;170;"""[\""35\"",\""36\"",\""37\"",\""38\"",\""39\"",\""40\"",\""41\"",\""42\"",\""43\"",\""44\"",\""45\"",\""46\"",\""47\""]""";https://cdn.etrias.nl/media/cache/product_thumb_md/a/s/asics-unisex-gel-kayano-14-cream-ironclad-1203a537-109.jpg;109;Unisexe;['blanc']
KVP177;Baskets ASICS Femme GEL-DS TRAINER 14 Cream;ASICS;Dcouvrez lñalliance parfaite entre lñlgance sportive et lñinnovation technique avec cette paire de baskets signe ASICS. Arborant une couleur crme et terracotta raffine, ce modle pour femmes sduit par son design inspir des icnes du running de la fin des annes 2000.\n\nLa matire suprieure associe le synthtique et le mesh, offrant une respirabilit optimale grce  des underlays ars, pour un confort durable tout au long de la journe. Dote de la technologie GEL au niveau du talon, cette chaussure garantit une excellente absorption des chocs, tandis que le systme TRUSSTIC assure la stabilit et le soutien  chaque pas. Lñengagement dñASICS pour la durabilit se reflte dans la conception de lñempeigne, compose  plus de 30 % de fibres synthtiques recycles. Lgre et lgante, cette basket sñadresse aux femmes recherchant  la fois style, performance et conscience environnementale. Idale pour un usage quotidien, elle sñimpose comme le choix incontournable pour celles qui veulent allier tendance, confort et innovation.;120;"""[\""35\"",\""36\"",\""37\"",\""38\"",\""39\"",\""40\"",\""41\"",\""42\""]""";https://cdn.etrias.nl/media/cache/product_thumb_md/a/s/asics-women-gel-ds-trainer-14-cream-terracotta-1203a607-107.jpg;111;Femme;['blanc']
KVP178;Baskets ASICS Femme GEL-DS TRAINER 14 Bleu Airy;ASICS;Dcouvrez lñalliance parfaite entre le style contemporain et la performance sportive avec ces baskets pour femmes signes ASICS. Arborant une palette raffine en Airy Blue et Clay Canyon, ce modle sduit par son esthtique inspire des annes 2000, tout en intgrant les technologies les plus avances de la marque japonaise. Son empeigne lgre en matire synthtique et en mesh assure une excellente respirabilit, procurant un confort optimal lors de chaque utilisation, que ce soit pour vos activits sportives ou au quotidien. Grce au systme TRUSSTIC et  la technologie GEL place au niveau du talon, la stabilit et lñamorti sont incomparables, rduisant la fatigue et absorbant efficacement les chocs. Engage pour lñenvironnement, ASICS utilise au moins 30 % de fibres synthtiques recycles dans la conception de lñempeigne, offrant ainsi une option plus responsable. Ce modle est idal pour les femmes  la recherche de baskets conjuguant lgance, confort durable et innovation technique.\n\nOptez pour lñexcellence et lñquilibre parfaits entre mode et fonctionnalit, pour atteindre tous vos objectifs avec assurance et style.;120;"""[\""35\"",\""36\"",\""37\"",\""38\"",\""39\"",\""40\"",\""41\"",\""42\""]""";https://cdn.etrias.nl/media/cache/product_thumb_md/a/s/asics-women-gel-ds-trainer-14-airy-blue-clay-canyon-1203a607-401.jpg;79;Femme;['marron', 'bleu']
KVP179;askets ASICS Unisexe GEL-DS TRAINER 14 Graphite Grey;ASICS;Dcouvrez lñalliance parfaite entre le style contemporain et lñinnovation technologique avec ces baskets signes ASICS. Offrant une lgance sportive inspire des tendances de la fin des annes 2000, ce modle sduit par son design dynamique et raffin. Son dessus en matires synthtiques et en mesh assure une excellente respirabilit, garantissant un confort optimal  chaque pas, mme lors dñune utilisation intensive. Grce  la technologie GEL place au niveau du talon, chaque foule bnficie dñun amorti suprieur, tandis que le systme TRUSSTIC apporte stabilit et soutien, essentiels pour un usage quotidien actif.\n\nLa conception de lñempeigne intgre au moins 30 % de fibres synthtiques recycles, faisant de cette paire un choix responsable pour les amateurs de mode soucieux de lñenvironnement.\n\nConvient aussi bien aux hommes quñaux femmes, ce modle est idal pour ceux qui recherchent une chaussure alliant performance, confort et conscience cologique. Faites le choix dñune basket qui reflte votre exigence de qualit et votre engagement envers la durabilit, tout en profitant du savoir-faire japonais dñASICS, reconnu pour repousser les limites de la performance sportive.;120;"""[\""35\"",\""36\"",\""37\"",\""38\"",\""39\"",\""40\"",\""41\"",\""42\"",\""43\"",\""44\"",\""45\"",\""46\"",\""47\""]""";https://cdn.etrias.nl/media/cache/product_thumb_md/a/s/asics-unisex-gel-ds-trainer-14-graphite-grey-fern-1203a607-021.jpg;130;Unisexe;['gris']
KVP180;Baskets ASICS Unisexe GEL-DS TRAINER 14 Blanc;ASICS;Dcouvrez lñlgance sportive allie  lñinnovation avec ces baskets signes ASICS. Dotes dñun design inspir de la fin des annes 2000, elles sduisent par leur allure intemporelle et leur palette White/Asics Blue raffine.\n\nLa matire de lñempeigne, compose de synthtique et de mesh, offre une respirabilit optimale grce  des empicements ars, garantissant un confort durable mme lors dñactivits intenses.\n\nLa technologie TRUSSTIC assure une stabilit remarquable  chaque foule, tandis que lñamorti GEL intgr au talon absorbe efficacement les chocs pour une sensation de lgret et de souplesse.\n\nConues pour sñadapter  tous, ces baskets unisexes conviennent aussi bien au quotidien quñ la pratique sportive. De plus, leur empeigne intgre au moins 30 % de fibres synthtiques recycles, affirmant ainsi un engagement en faveur de la durabilit. Faites le choix dñune chaussure qui allie style, performance et conscience cologique, tout en profitant du savoir-faire reconnu de la marque japonaise ASICS.;120;"""[\""35\"",\""36\"",\""37\"",\""38\"",\""39\"",\""40\"",\""41\"",\""42\"",\""43\"",\""44\"",\""45\"",\""46\"",\""47\""]""";https://cdn.etrias.nl/media/cache/product_thumb_md/a/s/asics-unisex-gel-ds-trainer-14-white-asics-blue-1203a607-103.jpg;123;Unisexe;['bleu', 'blanc']
KVP181;Baskets ASICS Unisexe GEL-1130 Blanc;ASICS;Dcouvrez lñalliance parfaite entre le style rtro et lñinnovation technologique avec ces baskets signes ASICS.\n\nConues pour offrir un confort exceptionnel au quotidien comme lors de vos sessions sportives, elles se distinguent par un design inspir de la fin des annes 2000, revisit avec une touche contemporaine.\n\nLeur tige associe des empicements en mesh respirant  des superpositions en cuir synthtique, garantissant fracheur, maintien et durabilit. Grce  la technologie Gel intgre dans la semelle intermdiaire et le talon, chaque foule bnficie dñun amorti avanc, rduisant efficacement les chocs sous le pied. Le systme de soutien Trusstic offre une stabilit accrue, idale pour les coureurs  la recherche de scurit et de performance. Ce modle unisexe sñadapte  toutes les morphologies et sñimpose comme un choix polyvalent, aussi bien pour la ville que pour le sport. De plus, le procd de teinture coresponsable utilis lors de la fabrication contribue  rduire lñempreinte carbone, faisant de ces baskets un choix respectueux de lñenvironnement.\n\nOptez pour lñexcellence japonaise et vivez une exprience o style, confort et innovation ne font quñun.;100;"""[\""35\"",\""36\"",\""37\"",\""38\"",\""39\"",\""40\"",\""41\"",\""42\"",\""43\"",\""44\"",\""45\"",\""46\"",\""47\""]""";https://cdn.etrias.nl/media/cache/product_thumb_md/a/s/asics-unisex-gel-1130-white-restful-teal-1203a609-103.jpg;144;Unisexe;['menthol', 'bleu', 'blanc']
KVP182;Baskets ASICS Femme GEL-1130 Blanc;ASICS;Dcouvrez lñalliance parfaite entre lñlgance rtro et lñinnovation technique avec ces baskets pour femmes signes ASICS. Dotes dñun dessus combinant un mesh respirant et des empicements en cuir synthtique, elles offrent une ventilation optimale et un maintien durable. Grce  lñintgration de la technologie GEL dans la semelle intermdiaire et le talon, chaque foule bnficie dñune absorption des chocs avance, idale pour le confort au quotidien comme pour les sessions de course. Le systme de soutien Trusstic renforce la stabilit, apportant une scurit supplmentaire lors de vos dplacements.\n\nLa couleur blanche rehausse de touches vertes apporte une touche contemporaine  une silhouette inspire de lñesthtique running des annes 2000. Penses pour celles qui recherchent un quilibre entre style, performance et durabilit, ces baskets sont issues dñun procd de fabrication respectueux de lñenvironnement, rduisant lñempreinte carbone. Choisir ce modle, cñest opter pour un confort suprieur, une allure tendance et un engagement envers la plante, tout en profitant de lñexpertise reconnue dñASICS.;100;"""[\""35\"",\""36\"",\""37\"",\""38\"",\""39\"",\""40\"",\""41\"",\""42\""]""";https://cdn.etrias.nl/media/cache/product_thumb_md/a/s/asics-women-gel-1130-white-dried-leaf-green-1202a164-124.jpg;75;Femme;['vert', 'blanc']
KVP183;Baskets ASICS Femme GEL-1130 Pale Oak;ASICS;Dcouvrez lñalliance parfaite entre le style rtro et la technologie moderne avec ces baskets pour femmes signes ASICS. Inspires de lñesthtique des annes 2000, elles sduisent par leur silhouette intemporelle et leur palette dlicate Pale Oak/Menthol.\n\nLeur dessus associe des empicements en mesh respirant  des superpositions en cuir synthtique, garantissant fracheur et maintien tout au long de la journe. Grce  la clbre technologie Gel intgre dans la semelle intermdiaire et le talon, chaque foule bnficie dñun amorti avanc et dñune absorption optimale des chocs. Le systme de soutien Trusstic assure une stabilit accrue, idale pour la marche active ou la course.\n\nConues pour offrir un confort durable, ces baskets conviennent aussi bien  un usage quotidien quñaux activits sportives. De plus, leur processus de teinture innovant contribue  rduire les missions de carbone, pour une dmarche plus respectueuse de lñenvironnement.\n\nOptez pour un quilibre parfait entre performance, lgance et engagement cologique avec ce modle incontournable de la marque japonaise ASICS.;100;"""[\""35\"",\""36\"",\""37\"",\""38\"",\""39\"",\""40\"",\""41\"",\""42\""]""";https://cdn.etrias.nl/media/cache/product_thumb_md/a/s/asics-women-gel-1130-pale-oak-menthol-1202a164-200.jpg;69;Femme;['menthol']
KVP184;Baskets Adidas Femme Japon Noir de base;Adidas;Dcouvrez l'lgance intemporelle et le savoir-faire exceptionnel avec ces baskets pour femmes signes par la clbre marque Adidas. Inspires par un vnement sportif international marquant du Japon en 1964, elles allient un design raffin  une histoire riche.\n\nLa matire suprieure en cuir tumbled perfor assure une allure premium tout en garantissant une excellente respirabilit.\n\nLa doublure en textile offre un confort optimal, idal pour un usage quotidien.\n\nLa silhouette low-profile et la tige  double couture tmoignent d'une attention particulire aux dtails et  la durabilit.\n\nLes iconiques 3-Stripes denteles et les touches mtalliques dores ajoutent une note sophistique, parfaite pour celles qui recherchent  la fois style et hritage. Grce  la semelle extrieure en caoutchouc, vous bnficiez d'une adhrence fiable et d'un confort durable  chaque pas. Ces baskets s'adaptent aisment  toutes vos tenues, que ce soit pour une sortie dcontracte ou une journe active.\n\nConviennent aux femmes qui apprcient la qualit, le patrimoine et une esthtique moderne. Faites le choix dñune pice incontournable qui incarne la fusion de la mode et de la performance, fidle  lñesprit dñAdidas.;120;"""[\""35\"",\""36\"",\""37\"",\""38\"",\""39\"",\""40\"",\""41\"",\""42\""]""";https://cdn.etrias.nl/media/cache/product_thumb_md/a/d/adidas-women-japan-core-black-cloud-white-gold-metallic-ih5490.jpg;97;Femme;['noir', 'or', 'blanc']
KVP185;Baskets Adidas Enfant Samba OG Blanc Nuage;Adidas;Dcouvrez lñalliance parfaite entre style intemporel et confort moderne avec ces baskets signes par la marque Adidas.\n\nConues spcialement pour les juniors, elles sduisent par leur silhouette iconique, inspire des modles de chaussures de football en salle des annes 50.\n\nLa matire principale, un cuir lisse de haute qualit, enveloppe le pied pour offrir un confort rtro tout en assurant une grande durabilit.\n\nLes clbres 3-Stripes denteles et la semelle extrieure en gomme apportent une touche authentique et immdiatement reconnaissable, symbole du savoir-faire Adidas depuis plus de 70 ans.\n\nLa doublure synthtique garantit une sensation de douceur  chaque pas, tandis que le bout renforc et la fermeture  lacets compltent assurent un maintien optimal et une adaptation parfaite  la morphologie du pied.\n\nParfaitement adaptes  un usage quotidien, ces baskets incarnent le mariage russi entre hritage sportif et tendances actuelles.\n\nConvient  tous les jeunes passionns de mode urbaine ou de sport, ce modle est un incontournable pour ceux qui recherchent la qualit, le design et la performance dans une seule paire de chaussures.\n\nOffrez  votre enfant le meilleur de lñinnovation Adidas, pour un look styl et un confort ingal au quotidien.;90;"""[\""16\"",\""17\"",\""18\"",\""19\"",\""20\"",\""21\"",\""22\"",\""23\"",\""24\"",\""25\"",\""26\"",\""27\"",\""28\"",\""29\"",\""30\"",\""31\"",\""32\"",\""33\"",\""34\"",\""35\"",\""36\"",\""37\""]""";https://cdn.etrias.nl/media/cache/product_thumb_md/a/d/adidas-junior-samba-og-cloud-white-signal-green-gum-jq2830.jpg;231;Enfant;['vert', 'noir', 'blanc']